meal,arrival_date_year,arrival_date_month,arrival_date_day_of_month,avg_daily_rate
HB,2015,August,1,130.09301886792454
BB,2015,August,1,151.45228070175438
FB,2015,August,2,159.0
HB,2015,August,2,162.465625
BB,2015,August,2,125.63727272727274
FB,2015,August,3,142.3
BB,2015,August,3,78.82664596273294
HB,2015,August,3,168.9185714285714
HB,2015,August,4,188.01363636363638
BB,2015,August,4,115.29499999999997
SC,2015,August,4,80.0
BB,2015,August,5,73.11684931506849
HB,2015,August,5,156.38714285714286
SC,2015,August,5,80.0
BB,2015,August,6,92.82557377049181
HB,2015,August,6,203.246
SC,2015,August,6,73.0
BB,2015,August,7,90.116
HB,2015,August,7,152.7841666666667
SC,2015,August,7,106.5
HB,2015,August,8,117.07304347826086
BB,2015,August,8,90.03945736434109
FB,2015,August,8,276.43
SC,2015,August,8,89.11428571428571
HB,2015,August,9,171.01733333333334
BB,2015,August,9,126.71450000000002
FB,2015,August,9,228.22500000000002
SC,2015,August,9,103.83333333333333
BB,2015,August,10,95.67686390532543
HB,2015,August,10,171.99105263157892
FB,2015,August,10,183.69
SC,2015,August,10,88.17647058823529
FB,2015,August,11,200.7
HB,2015,August,11,183.80083333333334
BB,2015,August,11,104.34734693877552
SC,2015,August,11,118.33333333333333
BB,2015,August,12,84.73048780487805
HB,2015,August,12,163.78333333333333
SC,2015,August,12,153.0
BB,2015,August,13,101.89160000000001
HB,2015,August,13,229.54833333333332
SC,2015,August,13,153.0
HB,2015,August,14,108.81782101167315
BB,2015,August,14,94.89405797101452
FB,2015,August,14,209.2
SC,2015,August,14,128.565
BB,2015,August,15,94.69042735042734
FB,2015,August,15,237.106
HB,2015,August,15,119.37151515151513
SC,2015,August,15,119.0
BB,2015,August,16,136.0640476190476
HB,2015,August,16,187.13090909090906
FB,2015,August,16,143.1
SC,2015,August,16,122.625
BB,2015,August,17,91.50583850931676
FB,2015,August,17,219.65
HB,2015,August,17,156.38652173913042
SC,2015,August,17,141.0
FB,2015,August,18,194.0
HB,2015,August,18,181.83777777777777
BB,2015,August,18,112.67594594594595
SC,2015,August,18,107.88888888888889
BB,2015,August,19,108.50372549019608
HB,2015,August,19,185.13600000000002
SC,2015,August,19,83.2
BB,2015,August,20,87.78572916666671
HB,2015,August,20,156.79636363636362
SC,2015,August,20,116.5
BB,2015,August,21,123.2088524590164
FB,2015,August,21,255.0
HB,2015,August,21,162.99200000000002
SC,2015,August,21,121.0
BB,2015,August,22,111.77901639344262
FB,2015,August,22,200.33499999999998
HB,2015,August,22,118.87054054054055
SC,2015,August,22,89.5
FB,2015,August,23,239.65
HB,2015,August,23,175.29705882352943
BB,2015,August,23,122.49366666666666
SC,2015,August,23,81.0
HB,2015,August,24,177.98166666666668
FB,2015,August,24,218.9333333333333
BB,2015,August,24,90.6381884057971
BB,2015,August,25,81.91567567567567
HB,2015,August,25,159.87000000000003
SC,2015,August,25,73.28999999999999
BB,2015,August,26,79.88897435897437
SC,2015,August,26,48.5
HB,2015,August,26,154.02333333333334
FB,2015,August,27,160.57
BB,2015,August,27,87.46923076923079
HB,2015,August,27,150.32875
FB,2015,August,28,193.5
BB,2015,August,28,113.53027397260273
HB,2015,August,28,171.71125
SC,2015,August,28,81.0
BB,2015,August,29,114.76209677419355
FB,2015,August,29,143.4
HB,2015,August,29,107.45133333333332
SC,2015,August,29,99.14
HB,2015,August,30,102.30607843137255
BB,2015,August,30,107.7974
BB,2015,August,31,91.05554216867468
HB,2015,August,31,86.49290322580644
SC,2015,August,31,96.33
HB,2015,December,1,0.0
BB,2015,December,1,54.64109090909091
SC,2015,December,1,57.75
HB,2015,December,2,36.975
BB,2015,December,2,54.0926923076923
SC,2015,December,2,71.475
HB,2015,December,3,73.10666666666667
BB,2015,December,3,58.51912500000001
HB,2015,December,4,66.96666666666667
BB,2015,December,4,73.29362068965519
SC,2015,December,4,71.9925
Undefined,2015,December,5,66.27499999999999
BB,2015,December,5,65.99083665338647
HB,2015,December,5,83.41960526315789
FB,2015,December,5,64.03103448275863
SC,2015,December,5,100.80714285714285
HB,2015,December,6,82.58666666666666
BB,2015,December,6,66.85074074074075
SC,2015,December,6,77.47666666666667
HB,2015,December,7,67.4
BB,2015,December,7,46.23913043478261
BB,2015,December,8,84.36036842105264
SC,2015,December,8,84.0
HB,2015,December,9,49.4
BB,2015,December,9,77.04437086092716
HB,2015,December,10,5.756206896551724
BB,2015,December,10,44.577659574468086
SC,2015,December,10,68.736
HB,2015,December,11,55.4
BB,2015,December,11,47.036458333333336
SC,2015,December,11,94.0
HB,2015,December,12,82.56666666666666
BB,2015,December,12,57.940588235294115
BB,2015,December,13,52.147894736842105
BB,2015,December,14,47.04942857142857
HB,2015,December,14,47.96666666666667
SC,2015,December,14,57.75
HB,2015,December,15,58.93666666666667
BB,2015,December,15,54.65692307692307
HB,2015,December,16,65.5
BB,2015,December,16,51.19842105263158
SC,2015,December,16,0.0
BB,2015,December,17,48.58212765957447
SC,2015,December,17,64.375
BB,2015,December,18,64.69536585365854
SC,2015,December,18,74.16666666666667
HB,2015,December,19,75.99285714285715
BB,2015,December,19,62.23792452830188
FB,2015,December,19,80.0
SC,2015,December,19,69.55
HB,2015,December,20,116.21000000000001
BB,2015,December,20,48.57633333333333
SC,2015,December,20,71.40166666666667
HB,2015,December,21,62.272000000000006
BB,2015,December,21,54.79225
SC,2015,December,21,75.0
BB,2015,December,22,49.68547619047619
HB,2015,December,22,61.570000000000014
HB,2015,December,23,81.14444444444445
Undefined,2015,December,23,71.25
BB,2015,December,23,63.7096
SC,2015,December,23,68.265
BB,2015,December,24,61.66723684210526
HB,2015,December,24,93.14999999999999
Undefined,2015,December,24,149.0
SC,2015,December,24,71.96666666666667
BB,2015,December,25,62.16121212121211
SC,2015,December,25,80.0
Undefined,2015,December,26,88.0
HB,2015,December,26,86.57624999999999
BB,2015,December,26,75.68093750000001
SC,2015,December,26,69.89166666666667
BB,2015,December,27,76.34309523809523
HB,2015,December,27,84.29354838709679
FB,2015,December,27,124.38
SC,2015,December,27,81.33000000000001
BB,2015,December,28,81.18158536585368
HB,2015,December,28,63.40714285714286
SC,2015,December,28,95.97909090909091
HB,2015,December,29,138.08166666666668
BB,2015,December,29,83.63276119402985
SC,2015,December,29,86.82555555555557
Undefined,2015,December,30,161.0327777777778
BB,2015,December,30,103.37475862068966
HB,2015,December,30,92.67
SC,2015,December,30,71.26285714285714
Undefined,2015,December,31,140.47
BB,2015,December,31,115.45142857142855
HB,2015,December,31,134.4709090909091
SC,2015,December,31,81.856
BB,2015,July,1,85.23466666666668
FB,2015,July,1,103.0
HB,2015,July,1,97.19171052631579
BB,2015,July,2,79.09072289156624
FB,2015,July,2,199.5
HB,2015,July,2,97.89777777777778
HB,2015,July,3,96.94315789473684
BB,2015,July,3,98.335
SC,2015,July,3,60.27
FB,2015,July,4,0.0
BB,2015,July,4,82.67092105263157
HB,2015,July,4,113.47727272727275
BB,2015,July,5,95.72605263157891
HB,2015,July,5,114.76785714285714
SC,2015,July,5,55.8
BB,2015,July,6,80.451
HB,2015,July,6,130.49133333333333
BB,2015,July,7,81.49121951219512
HB,2015,July,7,141.90454545454546
SC,2015,July,7,48.6
HB,2015,July,8,113.76
FB,2015,July,8,118.35
BB,2015,July,8,76.2239344262295
SC,2015,July,8,68.85
HB,2015,July,9,130.16666666666666
BB,2015,July,9,76.63297297297298
FB,2015,July,10,171.3325
HB,2015,July,10,131.35153846153847
BB,2015,July,10,97.61676470588236
BB,2015,July,11,92.31279069767442
HB,2015,July,11,105.35775862068965
SC,2015,July,11,51.96
BB,2015,July,12,106.77057692307692
FB,2015,July,12,117.22
HB,2015,July,12,129.99333333333334
FB,2015,July,13,184.6
BB,2015,July,13,85.61602941176473
HB,2015,July,13,147.23799999999997
HB,2015,July,14,155.36285714285714
BB,2015,July,14,99.45607142857143
FB,2015,July,15,111.8682608695652
BB,2015,July,15,87.4082
HB,2015,July,15,128.0475
SC,2015,July,15,0.0
FB,2015,July,16,174.95
HB,2015,July,16,144.29299999999998
BB,2015,July,16,93.64131868131867
SC,2015,July,16,0.0
BB,2015,July,17,107.10191780821918
HB,2015,July,17,107.03589743589743
FB,2015,July,18,214.74333333333334
BB,2015,July,18,80.3754054054054
HB,2015,July,18,116.78634146341463
HB,2015,July,19,150.192
BB,2015,July,19,116.78613636363637
HB,2015,July,20,147.10333333333335
FB,2015,July,20,173.17000000000002
BB,2015,July,20,88.54344086021506
SC,2015,July,20,46.66
HB,2015,July,21,136.98222222222225
BB,2015,July,21,93.42262295081967
SC,2015,July,21,55.08
HB,2015,July,22,154.769
FB,2015,July,22,111.2
BB,2015,July,22,72.44025862068965
BB,2015,July,23,87.4545205479452
HB,2015,July,23,98.5028846153846
HB,2015,July,24,177.29583333333335
BB,2015,July,24,130.91714285714284
FB,2015,July,24,158.1
SC,2015,July,24,0.0
BB,2015,July,25,82.11229166666666
HB,2015,July,25,99.81533333333333
HB,2015,July,26,154.23444444444445
BB,2015,July,26,118.96605263157892
HB,2015,July,27,151.19157894736844
BB,2015,July,27,84.6219867549669
BB,2015,July,28,107.47290322580645
HB,2015,July,28,126.46
BB,2015,July,29,113.44540540540542
HB,2015,July,29,139.8458333333333
SC,2015,July,29,46.66
FB,2015,July,30,280.74
BB,2015,July,30,94.35217391304347
HB,2015,July,30,164.2
SC,2015,July,30,55.08
HB,2015,July,31,96.25
BB,2015,July,31,133.20686567164176
FB,2015,November,1,81.9
BB,2015,November,1,58.532799999999995
HB,2015,November,1,64.474
SC,2015,November,1,75.0
HB,2015,November,2,102.38083333333333
BB,2015,November,2,59.22296875000001
SC,2015,November,2,85.5
BB,2015,November,3,51.75088235294118
HB,2015,November,3,71.85
BB,2015,November,4,75.83794117647061
SC,2015,November,4,95.0
HB,2015,November,5,108.5
BB,2015,November,5,65.22392857142857
SC,2015,November,5,95.0
HB,2015,November,6,68.95
BB,2015,November,6,64.70310344827587
SC,2015,November,6,95.52250000000001
HB,2015,November,7,98.59375
BB,2015,November,7,48.50978021978021
Undefined,2015,November,7,65.0
SC,2015,November,7,75.05
HB,2015,November,8,70.88
BB,2015,November,8,60.82530612244897
HB,2015,November,9,75.47666666666667
BB,2015,November,9,61.30346153846152
SC,2015,November,9,85.0
HB,2015,November,10,55.04
BB,2015,November,10,63.55081632653061
BB,2015,November,11,59.19014285714286
SC,2015,November,11,38.25
BB,2015,November,12,56.686406250000005
HB,2015,November,12,66.42
BB,2015,November,13,73.7884745762712
HB,2015,November,14,82.69
BB,2015,November,14,72.14567567567569
SC,2015,November,14,85.0
HB,2015,November,15,68.91000000000001
BB,2015,November,15,53.10142857142858
SC,2015,November,15,76.825
HB,2015,November,16,56.66166666666666
BB,2015,November,16,42.71268656716418
SC,2015,November,16,73.15
HB,2015,November,17,46.48666666666667
BB,2015,November,17,59.847941176470584
SC,2015,November,17,85.0
FB,2015,November,18,73.0
BB,2015,November,18,61.75485294117648
HB,2015,November,18,63.5
Undefined,2015,November,18,65.5
HB,2015,November,19,79.19624999999999
BB,2015,November,19,59.21702127659574
SC,2015,November,20,0.0
FB,2015,November,20,63.38461538461539
BB,2015,November,20,65.59716535433071
HB,2015,November,20,59.475
HB,2015,November,21,75.09545454545454
BB,2015,November,21,43.144666666666666
HB,2015,November,22,56.44
BB,2015,November,22,64.29194444444445
BB,2015,November,23,65.73916666666666
HB,2015,November,23,42.0
FB,2015,November,23,84.0
SC,2015,November,23,78.63
HB,2015,November,24,59.269999999999996
BB,2015,November,24,55.62984615384616
BB,2015,November,25,53.60617021276595
BB,2015,November,26,53.40240740740741
SC,2015,November,26,94.5
BB,2015,November,27,54.37141666666667
HB,2015,November,27,66.49
SC,2015,November,27,25.65
HB,2015,November,28,88.0
FB,2015,November,28,108.15
BB,2015,November,28,51.61285714285715
SC,2015,November,28,95.0
BB,2015,November,29,67.27105263157895
SC,2015,November,29,72.75
BB,2015,November,30,43.333653846153844
HB,2015,November,30,79.2
SC,2015,November,30,6.0
HB,2015,October,1,85.78272727272729
BB,2015,October,1,83.12055045871558
SC,2015,October,1,117.04
BB,2015,October,2,95.44185929648242
HB,2015,October,2,61.146
BB,2015,October,3,65.10119496855347
HB,2015,October,3,59.370408163265296
SC,2015,October,3,59.30666666666667
HB,2015,October,4,55.258823529411764
BB,2015,October,4,83.40053691275168
SC,2015,October,4,110.39
BB,2015,October,5,103.71862275449104
HB,2015,October,5,91.59520833333333
FB,2015,October,5,103.5
SC,2015,October,5,100.89
SC,2015,October,6,57.0
FB,2015,October,6,76.0
BB,2015,October,6,84.2307284768212
HB,2015,October,6,80.42399999999999
SC,2015,October,7,22.97666666666667
HB,2015,October,7,71.54
FB,2015,October,7,0.0
BB,2015,October,7,81.02303867403315
BB,2015,October,8,66.91364406779661
HB,2015,October,8,66.99431818181819
SC,2015,October,8,100.2
HB,2015,October,9,120.66451612903225
BB,2015,October,9,83.07816666666666
FB,2015,October,9,84.34545454545454
SC,2015,October,9,129.675
BB,2015,October,10,65.74941463414633
HB,2015,October,10,73.87875
SC,2015,October,10,83.036
BB,2015,October,11,74.60052631578948
SC,2015,October,11,57.0
HB,2015,October,11,95.174
HB,2015,October,12,100.89625000000001
SC,2015,October,12,62.666666666666664
BB,2015,October,12,69.96617142857141
FB,2015,October,12,103.5
BB,2015,October,13,66.96095890410959
HB,2015,October,13,104.125
SC,2015,October,13,114.0
BB,2015,October,14,69.36500000000001
HB,2015,October,14,75.10166666666667
SC,2015,October,14,114.0
BB,2015,October,15,72.11077586206896
HB,2015,October,15,78.4785
SC,2015,October,15,95.86666666666667
HB,2015,October,16,101.2081784386617
BB,2015,October,16,76.47369047619048
SC,2015,October,16,95.31
BB,2015,October,17,70.00918699186992
HB,2015,October,17,96.0
SC,2015,October,17,82.08
BB,2015,October,18,82.32407407407408
HB,2015,October,18,82.24833333333333
SC,2015,October,18,100.89
BB,2015,October,19,75.93405405405404
HB,2015,October,19,72.36333333333333
SC,2015,October,19,112.076
HB,2015,October,20,101.48
BB,2015,October,20,96.46613207547172
BB,2015,October,21,67.94119047619047
HB,2015,October,21,61.218636363636364
SC,2015,October,21,108.56
BB,2015,October,22,72.23362499999999
HB,2015,October,22,94.42666666666666
SC,2015,October,22,99.508
HB,2015,October,23,105.58600000000001
BB,2015,October,23,67.83891304347826
SC,2015,October,23,115.35499999999999
BB,2015,October,24,73.0375572519084
HB,2015,October,24,140.85107142857143
SC,2015,October,24,87.78
BB,2015,October,25,83.11748148148152
HB,2015,October,25,121.76166666666667
SC,2015,October,25,114.0
HB,2015,October,26,89.425
BB,2015,October,26,69.22076923076924
SC,2015,October,26,36.575
BB,2015,October,27,61.82851063829787
HB,2015,October,27,98.0
BB,2015,October,28,82.5728225806452
HB,2015,October,28,92.13357142857141
SC,2015,October,28,93.57
BB,2015,October,29,77.778203125
SC,2015,October,29,116.87
HB,2015,October,30,88.0
BB,2015,October,30,70.13203883495146
SC,2015,October,30,85.265
HB,2015,October,31,39.75
BB,2015,October,31,57.219247311827964
SC,2015,October,31,139.5
FB,2015,September,1,158.0
HB,2015,September,1,139.7861111111111
BB,2015,September,1,96.63101265822785
SC,2015,September,1,96.0
BB,2015,September,2,60.18974358974358
HB,2015,September,2,142.58166666666668
SC,2015,September,2,91.39
BB,2015,September,3,82.74930069930072
HB,2015,September,3,139.005
SC,2015,September,3,108.415
FB,2015,September,4,132.19
BB,2015,September,4,95.28624
HB,2015,September,4,108.764
SC,2015,September,4,96.0
HB,2015,September,5,150.41
FB,2015,September,5,149.25
BB,2015,September,5,78.3451965065502
SC,2015,September,5,113.39
BB,2015,September,6,84.13084615384616
HB,2015,September,6,123.18857142857144
SC,2015,September,6,0.0
SC,2015,September,7,53.2725
FB,2015,September,7,189.0
BB,2015,September,7,96.12663636363636
HB,2015,September,7,141.36277777777778
HB,2015,September,8,84.47
BB,2015,September,8,94.28343749999999
SC,2015,September,8,92.26666666666667
BB,2015,September,9,88.09372881355932
HB,2015,September,9,86.56736842105263
SC,2015,September,9,99.27000000000001
BB,2015,September,10,90.31896226415095
HB,2015,September,10,118.3234375
SC,2015,September,10,73.92
HB,2015,September,11,102.7758
BB,2015,September,11,83.66055900621119
SC,2015,September,11,107.75
HB,2015,September,12,86.5965625
BB,2015,September,12,68.45880503144656
BB,2015,September,13,96.07610169491527
HB,2015,September,13,104.47666666666667
SC,2015,September,13,98.78333333333335
BB,2015,September,14,88.03556603773585
HB,2015,September,14,84.95358974358975
SC,2015,September,14,101.535
HB,2015,September,15,109.275
BB,2015,September,15,95.05604395604396
FB,2015,September,15,49.49038461538464
SC,2015,September,15,75.36
HB,2015,September,16,112.40500000000002
BB,2015,September,16,80.76509554140127
SC,2015,September,16,115.0
HB,2015,September,17,73.4296
BB,2015,September,17,63.1579422382672
SC,2015,September,17,110.25
HB,2015,September,18,101.5152919708029
BB,2015,September,18,100.32196721311476
SC,2015,September,18,120.306
HB,2015,September,19,78.12542857142857
BB,2015,September,19,86.37737179487179
SC,2015,September,19,113.465
HB,2015,September,20,81.27444444444444
BB,2015,September,20,92.28972727272726
SC,2015,September,20,120.28600000000002
BB,2015,September,21,80.63347560975609
HB,2015,September,21,78.54679245283015
SC,2015,September,21,120.57222222222224
BB,2015,September,22,100.68243902439023
HB,2015,September,22,104.53333333333335
SC,2015,September,22,132.43428571428572
BB,2015,September,23,75.11432203389829
HB,2015,September,23,192.8927777777778
SC,2015,September,23,101.5
FB,2015,September,23,206.0
BB,2015,September,24,122.76292553191489
HB,2015,September,24,86.99440000000003
SC,2015,September,24,88.3
HB,2015,September,25,87.06060606060606
BB,2015,September,25,152.81683333333334
SC,2015,September,25,80.0
BB,2015,September,26,145.8590625
HB,2015,September,26,50.861111111111114
SC,2015,September,26,134.5
BB,2015,September,27,120.37206896551724
HB,2015,September,27,75.80111111111111
FB,2015,September,27,66.43
SC,2015,September,27,127.51
HB,2015,September,28,101.484375
BB,2015,September,28,97.07197802197801
FB,2015,September,29,148.12
HB,2015,September,29,67.17416666666666
BB,2015,September,29,78.5528125
SC,2015,September,29,100.525
BB,2015,September,30,116.79293103448275
HB,2015,September,30,96.14817073170731
SC,2015,September,30,84.49142857142859
BB,2016,April,1,90.56099999999999
HB,2016,April,1,145.26666666666668
SC,2016,April,1,77.95272727272726
BB,2016,April,2,89.58493975903613
FB,2016,April,2,89.25
SC,2016,April,2,91.65375
HB,2016,April,2,145.075
BB,2016,April,3,88.8158108108108
HB,2016,April,3,124.91
SC,2016,April,3,81.96136363636364
FB,2016,April,4,84.15
HB,2016,April,4,71.6464864864865
SC,2016,April,4,83.72214285714286
BB,2016,April,4,84.9905785123967
HB,2016,April,5,92.67181818181818
BB,2016,April,5,79.3277108433735
SC,2016,April,5,84.65299999999999
HB,2016,April,6,97.17567567567568
FB,2016,April,6,78.66
BB,2016,April,6,80.64031847133757
SC,2016,April,6,91.1
HB,2016,April,7,67.3452380952381
Undefined,2016,April,7,62.193548387096776
SC,2016,April,7,82.339
BB,2016,April,7,84.79805970149255
HB,2016,April,8,90.95
BB,2016,April,8,83.75230263157896
SC,2016,April,8,84.4073076923077
HB,2016,April,9,92.20275862068966
Undefined,2016,April,9,99.5
BB,2016,April,9,73.57967741935482
SC,2016,April,9,72.84933333333332
BB,2016,April,10,99.53671232876711
SC,2016,April,10,77.79285714285713
HB,2016,April,10,73.32051282051283
BB,2016,April,11,88.86233082706767
FB,2016,April,11,81.16
SC,2016,April,11,88.5578947368421
HB,2016,April,11,87.29514285714285
HB,2016,April,12,90.36484848484848
BB,2016,April,12,87.53158878504674
SC,2016,April,12,93.24777777777778
HB,2016,April,13,102.57073170731707
BB,2016,April,13,98.25999999999998
SC,2016,April,13,100.86904761904762
BB,2016,April,14,82.49734104046246
HB,2016,April,14,106.65900000000002
SC,2016,April,14,98.23499999999999
HB,2016,April,15,127.8625
FB,2016,April,15,109.36
BB,2016,April,15,97.80248120300753
SC,2016,April,15,94.58444444444444
SC,2016,April,16,82.21533333333333
HB,2016,April,16,80.0
Undefined,2016,April,16,71.76
BB,2016,April,16,103.22430000000004
BB,2016,April,17,88.02941747572814
HB,2016,April,17,111.14457142857141
SC,2016,April,17,90.53263157894736
SC,2016,April,18,77.98280000000001
HB,2016,April,18,76.56577464788737
BB,2016,April,18,84.14180180180182
BB,2016,April,19,93.54508064516129
HB,2016,April,19,63.43125
SC,2016,April,19,89.0
HB,2016,April,20,89.72413793103448
BB,2016,April,20,86.86880829015544
SC,2016,April,20,72.38
FB,2016,April,20,0.0
BB,2016,April,21,90.62352941176472
HB,2016,April,21,143.72666666666666
SC,2016,April,21,88.82285714285715
HB,2016,April,22,109.13684210526316
BB,2016,April,22,91.84338235294119
Undefined,2016,April,22,82.28249999999998
FB,2016,April,22,81.25
SC,2016,April,22,98.94875
FB,2016,April,23,54.0
HB,2016,April,23,107.26842105263158
BB,2016,April,23,95.65178571428571
SC,2016,April,23,90.576
SC,2016,April,24,85.9923076923077
BB,2016,April,24,97.2889430894309
FB,2016,April,24,84.0
HB,2016,April,24,134.80249999999998
FB,2016,April,25,78.505
BB,2016,April,25,87.83123076923077
HB,2016,April,25,153.20499999999998
SC,2016,April,25,91.04615384615384
HB,2016,April,26,90.9008
BB,2016,April,26,76.62776785714284
SC,2016,April,26,96.40500000000002
HB,2016,April,27,105.38888888888889
Undefined,2016,April,27,77.33071428571427
BB,2016,April,27,93.7761788617886
FB,2016,April,27,83.7
SC,2016,April,27,89.71833333333333
HB,2016,April,28,138.74727272727273
BB,2016,April,28,91.79932835820894
SC,2016,April,28,108.63076923076922
HB,2016,April,29,84.544
BB,2016,April,29,87.98196506550218
FB,2016,April,29,86.5
SC,2016,April,29,114.583
BB,2016,April,30,103.1754411764706
FB,2016,April,30,130.0
HB,2016,April,30,85.14015873015873
SC,2016,April,30,103.33625
FB,2016,August,1,160.4
BB,2016,August,1,138.22655629139072
HB,2016,August,1,181.2072727272727
Undefined,2016,August,1,170.1142857142857
SC,2016,August,1,99.82095238095238
BB,2016,August,2,142.92174757281552
Undefined,2016,August,2,191.6
HB,2016,August,2,209.88357142857146
SC,2016,August,2,114.19105263157893
BB,2016,August,3,133.8976146788991
HB,2016,August,3,178.70882352941177
SC,2016,August,3,94.54611111111112
HB,2016,August,4,212.5973684210526
BB,2016,August,4,125.16510489510488
SC,2016,August,4,111.3323076923077
BB,2016,August,5,131.946
HB,2016,August,5,247.371
SC,2016,August,5,87.36083333333333
BB,2016,August,6,153.54178294573643
HB,2016,August,6,206.45749999999998
SC,2016,August,6,104.42470588235295
BB,2016,August,7,155.43087378640774
HB,2016,August,7,241.7846153846154
FB,2016,August,7,217.5
SC,2016,August,7,111.425
SC,2016,August,8,106.07833333333332
HB,2016,August,8,190.7591428571429
BB,2016,August,8,146.77859872611464
BB,2016,August,9,139.23863157894738
Undefined,2016,August,9,183.0
HB,2016,August,9,186.44000000000003
SC,2016,August,9,108.66785714285713
BB,2016,August,10,140.9900877192983
HB,2016,August,10,218.31230769230768
SC,2016,August,10,112.8575
HB,2016,August,11,217.96818181818188
BB,2016,August,11,125.0488888888889
SC,2016,August,11,112.35
BB,2016,August,12,151.19043478260872
FB,2016,August,12,222.0
Undefined,2016,August,12,191.9
HB,2016,August,12,148.39124999999999
SC,2016,August,12,103.41071428571429
HB,2016,August,13,199.42709677419353
FB,2016,August,13,259.7
BB,2016,August,13,155.1636645962733
SC,2016,August,13,111.90263157894735
BB,2016,August,14,153.16
Undefined,2016,August,14,165.2
HB,2016,August,14,216.26999999999998
SC,2016,August,14,110.62222222222223
HB,2016,August,15,192.76500000000001
BB,2016,August,15,150.0861111111111
FB,2016,August,15,288.0
SC,2016,August,15,113.75000000000001
HB,2016,August,16,203.40599999999995
BB,2016,August,16,162.17153846153846
SC,2016,August,16,100.81647058823528
BB,2016,August,17,152.52066666666664
HB,2016,August,17,187.10454545454542
SC,2016,August,17,115.25631578947367
Undefined,2016,August,18,255.4333333333333
HB,2016,August,18,133.65044943820223
BB,2016,August,18,129.57526315789474
SC,2016,August,18,116.24285714285715
FB,2016,August,19,266.0
HB,2016,August,19,164.24209302325576
BB,2016,August,19,144.82394495412845
SC,2016,August,19,113.10818181818182
HB,2016,August,20,185.4485714285714
BB,2016,August,20,141.01386363636365
FB,2016,August,20,244.4
SC,2016,August,20,117.45880000000001
HB,2016,August,21,170.1275
FB,2016,August,21,163.94333333333333
Undefined,2016,August,21,157.8
BB,2016,August,21,139.45261682242992
SC,2016,August,21,109.44846153846153
BB,2016,August,22,150.50159722222222
Undefined,2016,August,22,201.43
HB,2016,August,22,209.41555555555553
SC,2016,August,22,95.19733333333333
BB,2016,August,23,143.25831460674158
FB,2016,August,23,175.34
HB,2016,August,23,177.94071428571428
SC,2016,August,23,115.17333333333333
FB,2016,August,24,263.09
HB,2016,August,24,195.30176470588236
BB,2016,August,24,136.3007627118644
SC,2016,August,24,103.22357142857142
BB,2016,August,25,117.96616883116884
HB,2016,August,25,148.294
SC,2016,August,25,77.08200000000001
BB,2016,August,26,146.12106382978723
Undefined,2016,August,26,137.43
HB,2016,August,26,185.45333333333332
SC,2016,August,26,99.26473684210526
HB,2016,August,27,148.10444444444443
BB,2016,August,27,136.68490000000003
Undefined,2016,August,27,178.28
SC,2016,August,27,98.35692307692307
BB,2016,August,28,131.13879310344825
HB,2016,August,28,193.75039999999998
SC,2016,August,28,95.17461538461538
HB,2016,August,29,175.08812499999996
BB,2016,August,29,120.08115384615385
FB,2016,August,29,142.1
SC,2016,August,29,101.69764705882352
SC,2016,August,30,94.11666666666667
HB,2016,August,30,184.47
BB,2016,August,30,125.17886597938141
HB,2016,August,31,135.23277777777778
BB,2016,August,31,116.36763440860217
SC,2016,August,31,106.69058823529411
BB,2016,December,1,74.87811594202896
Undefined,2016,December,1,60.0
HB,2016,December,1,103.11500000000001
SC,2016,December,1,72.98777777777777
BB,2016,December,2,74.03534161490683
HB,2016,December,2,110.09714285714287
SC,2016,December,2,80.87709677419353
FB,2016,December,3,72.0
HB,2016,December,3,82.54280701754386
BB,2016,December,3,87.41021978021978
SC,2016,December,3,75.57
HB,2016,December,4,125.45333333333333
BB,2016,December,4,84.07833333333333
SC,2016,December,4,74.39944444444444
BB,2016,December,5,75.64041666666668
SC,2016,December,5,77.65862068965517
HB,2016,December,5,98.78666666666668
Undefined,2016,December,5,79.07894736842105
BB,2016,December,6,77.81
HB,2016,December,6,113.0
SC,2016,December,6,56.037499999999994
BB,2016,December,7,82.18648936170213
HB,2016,December,7,104.29666666666667
FB,2016,December,7,100.96666666666665
SC,2016,December,7,79.42526315789473
BB,2016,December,8,83.69676470588234
Undefined,2016,December,8,72.97435897435898
HB,2016,December,8,117.22857142857141
FB,2016,December,8,88.42333333333333
SC,2016,December,8,81.95190476190477
Undefined,2016,December,9,0.0
BB,2016,December,9,71.92640449438203
HB,2016,December,9,137.825
SC,2016,December,9,79.17166666666667
BB,2016,December,10,79.08012658227848
HB,2016,December,10,70.9725
SC,2016,December,10,82.98916666666666
HB,2016,December,11,73.7
BB,2016,December,11,72.46114285714286
SC,2016,December,11,88.0
HB,2016,December,12,88.27833333333335
BB,2016,December,12,61.06813559322034
SC,2016,December,12,79.99076923076922
HB,2016,December,13,130.64999999999998
BB,2016,December,13,60.57194029850746
SC,2016,December,13,79.41000000000001
BB,2016,December,14,57.08468750000001
HB,2016,December,14,106.1
SC,2016,December,14,59.53333333333333
BB,2016,December,15,64.6086111111111
Undefined,2016,December,15,59.666666666666664
HB,2016,December,15,53.1825
SC,2016,December,15,72.15066666666665
BB,2016,December,16,69.69649484536082
HB,2016,December,16,88.63
SC,2016,December,16,78.0168292682927
HB,2016,December,17,96.7035294117647
BB,2016,December,17,63.207123287671216
SC,2016,December,17,73.26761904761904
HB,2016,December,18,83.06
BB,2016,December,18,80.64631578947369
SC,2016,December,18,81.0
BB,2016,December,19,70.5544155844156
HB,2016,December,19,94.5181818181818
SC,2016,December,19,74.80909090909091
HB,2016,December,20,89.57384615384616
FB,2016,December,20,68.0
BB,2016,December,20,68.81759259259259
SC,2016,December,20,74.08999999999999
BB,2016,December,21,68.08741379310347
HB,2016,December,21,106.30250000000001
SC,2016,December,21,73.35571428571428
HB,2016,December,22,79.97875
Undefined,2016,December,22,84.99416666666666
BB,2016,December,22,74.82885057471265
SC,2016,December,22,76.65333333333332
HB,2016,December,23,97.67714285714285
BB,2016,December,23,78.26662921348314
SC,2016,December,23,73.598
BB,2016,December,24,77.28727272727272
Undefined,2016,December,24,54.64
FB,2016,December,24,150.87
HB,2016,December,24,106.86483870967741
SC,2016,December,24,81.89999999999999
HB,2016,December,25,121.51000000000002
BB,2016,December,25,92.4867857142857
SC,2016,December,25,75.70545454545454
HB,2016,December,26,121.57409090909087
BB,2016,December,26,89.90016000000001
SC,2016,December,26,74.97411764705882
HB,2016,December,27,104.58866666666667
BB,2016,December,27,79.140972972973
SC,2016,December,27,76.468
BB,2016,December,28,103.73370370370372
Undefined,2016,December,28,116.06666666666666
HB,2016,December,28,139.904
SC,2016,December,28,88.3804347826087
Undefined,2016,December,29,89.57333333333334
HB,2016,December,29,195.402
BB,2016,December,29,100.60416666666667
SC,2016,December,29,86.8586956521739
Undefined,2016,December,30,116.1625
HB,2016,December,30,241.41964285714286
SC,2016,December,30,93.74333333333334
BB,2016,December,30,135.70359477124185
HB,2016,December,31,209.22750000000002
BB,2016,December,31,149.847
SC,2016,December,31,107.61875
HB,2016,February,1,53.167500000000004
BB,2016,February,1,59.4088679245283
SC,2016,February,1,79.4
HB,2016,February,2,93.76923076923077
BB,2016,February,2,51.57962264150944
SC,2016,February,2,75.0
BB,2016,February,3,64.155125
HB,2016,February,3,55.0
SC,2016,February,3,71.26666666666667
Undefined,2016,February,4,72.21
HB,2016,February,4,46.5
BB,2016,February,4,59.61408602150538
SC,2016,February,4,73.0957142857143
BB,2016,February,5,68.63247619047618
HB,2016,February,5,88.386
SC,2016,February,5,69.93
Undefined,2016,February,6,71.69000000000001
HB,2016,February,6,80.05842105263157
BB,2016,February,6,66.17290780141845
FB,2016,February,6,57.0
SC,2016,February,6,65.218
BB,2016,February,7,76.50861702127659
Undefined,2016,February,7,66.8
HB,2016,February,7,78.22500000000001
SC,2016,February,7,79.5
HB,2016,February,8,80.4
BB,2016,February,8,74.10283582089554
Undefined,2016,February,8,75.81
SC,2016,February,8,74.31
BB,2016,February,9,70.79608695652173
SC,2016,February,9,59.0
HB,2016,February,9,52.125
HB,2016,February,10,63.25
BB,2016,February,10,65.88828571428571
SC,2016,February,10,72.80250000000001
BB,2016,February,11,60.54544444444445
HB,2016,February,11,84.8725
SC,2016,February,11,68.08
BB,2016,February,12,73.58267241379312
HB,2016,February,12,64.53958333333334
Undefined,2016,February,12,65.97916666666667
FB,2016,February,12,69.8225806451613
SC,2016,February,12,75.4239534883721
HB,2016,February,13,103.94
BB,2016,February,13,75.87916666666668
FB,2016,February,13,75.0
SC,2016,February,13,71.21125
HB,2016,February,14,130.04777777777775
BB,2016,February,14,73.45263888888888
SC,2016,February,14,78.49391304347827
SC,2016,February,15,54.1
BB,2016,February,15,59.520641025641034
HB,2016,February,15,60.620000000000005
BB,2016,February,16,60.02455882352941
HB,2016,February,16,94.5
SC,2016,February,16,72.81125
FB,2016,February,17,75.0
HB,2016,February,17,106.89999999999999
BB,2016,February,17,70.74519855595668
SC,2016,February,17,77.396
BB,2016,February,18,73.9633783783784
HB,2016,February,18,74.94666666666666
SC,2016,February,18,74.83333333333333
FB,2016,February,19,83.9
HB,2016,February,19,82.595
BB,2016,February,19,80.14360515021458
SC,2016,February,19,78.31888888888889
BB,2016,February,20,67.95786516853933
HB,2016,February,20,75.16
FB,2016,February,20,91.0
SC,2016,February,20,71.55
BB,2016,February,21,75.52368421052631
HB,2016,February,21,107.0
SC,2016,February,21,62.02111111111112
HB,2016,February,22,81.11666666666666
FB,2016,February,22,49.71
BB,2016,February,22,66.49569892473119
SC,2016,February,22,70.54124999999999
HB,2016,February,23,113.25
Undefined,2016,February,23,79.0
BB,2016,February,23,62.42
SC,2016,February,23,81.8
HB,2016,February,24,150.7425
BB,2016,February,24,64.56921348314607
SC,2016,February,24,76.32636363636364
BB,2016,February,25,70.12614814814815
FB,2016,February,25,69.21
HB,2016,February,25,45.14
SC,2016,February,25,77.43307692307692
Undefined,2016,February,26,75.89285714285714
BB,2016,February,26,65.91153846153846
FB,2016,February,26,86.05
HB,2016,February,26,69.32545454545453
SC,2016,February,26,72.32764705882354
BB,2016,February,27,69.54402597402597
HB,2016,February,27,95.87222222222223
FB,2016,February,27,60.96551724137931
Undefined,2016,February,27,67.75
SC,2016,February,27,65.8
BB,2016,February,28,66.2639247311828
HB,2016,February,28,85.8925
SC,2016,February,28,73.815
BB,2016,February,29,71.04500000000002
Undefined,2016,February,29,55.0
HB,2016,February,29,119.73750000000001
SC,2016,February,29,76.5
BB,2016,January,1,93.8957894736842
HB,2016,January,1,81.815
SC,2016,January,1,99.5125
HB,2016,January,2,90.50697247706422
BB,2016,January,2,72.96944444444446
SC,2016,January,2,95.0
HB,2016,January,3,82.5
BB,2016,January,3,59.20728813559321
SC,2016,January,3,64.5
HB,2016,January,4,70.65
BB,2016,January,4,59.99471698113207
SC,2016,January,4,80.25
Undefined,2016,January,5,65.0
BB,2016,January,5,54.304102564102564
HB,2016,January,5,70.33333333333333
SC,2016,January,5,59.75
HB,2016,January,6,80.83333333333333
BB,2016,January,6,64.32095238095238
SC,2016,January,6,80.5
BB,2016,January,7,57.06285714285714
HB,2016,January,7,52.00333333333333
SC,2016,January,7,75.625
HB,2016,January,8,83.5
BB,2016,January,8,56.148723404255314
SC,2016,January,8,62.625
HB,2016,January,9,74.94800000000001
BB,2016,January,9,53.64487804878048
SC,2016,January,9,60.607142857142854
FB,2016,January,9,0.0
BB,2016,January,10,60.1440909090909
SC,2016,January,10,27.01
BB,2016,January,11,47.035000000000004
SC,2016,January,11,61.5
BB,2016,January,12,52.81693548387097
HB,2016,January,12,80.4
SC,2016,January,12,71.4
HB,2016,January,13,44.644999999999996
BB,2016,January,13,47.435
SC,2016,January,13,73.75
HB,2016,January,14,69.14333333333333
BB,2016,January,14,53.94214285714285
SC,2016,January,14,68.64444444444445
FB,2016,January,15,75.0
BB,2016,January,15,67.13196969696969
HB,2016,January,15,81.75
SC,2016,January,15,74.46416666666667
HB,2016,January,16,67.8
BB,2016,January,16,63.103272727272724
SC,2016,January,16,70.867
HB,2016,January,17,64.2
BB,2016,January,17,69.81862068965518
FB,2016,January,17,82.0
SC,2016,January,17,64.375
BB,2016,January,18,53.37285714285714
HB,2016,January,18,79.0
SC,2016,January,18,54.9
BB,2016,January,19,67.18457746478873
SC,2016,January,19,71.096
HB,2016,January,20,78.0
BB,2016,January,20,56.73857142857144
SC,2016,January,20,75.51
BB,2016,January,21,59.82244897959183
HB,2016,January,21,56.8
SC,2016,January,21,77.9
BB,2016,January,22,71.57704918032788
HB,2016,January,22,77.49000000000001
SC,2016,January,22,66.687
HB,2016,January,23,96.0
BB,2016,January,23,62.344375
SC,2016,January,23,72.4
HB,2016,January,24,58.0
BB,2016,January,24,67.09878787878787
SC,2016,January,24,79.75
BB,2016,January,25,63.8552
HB,2016,January,25,29.7
SC,2016,January,25,80.6
BB,2016,January,26,52.01857142857143
HB,2016,January,26,61.0
SC,2016,January,26,70.25
BB,2016,January,27,65.27908496732026
SC,2016,January,27,75.0
HB,2016,January,28,78.0
BB,2016,January,28,64.873375
SC,2016,January,28,69.66199999999999
Undefined,2016,January,29,135.0
HB,2016,January,29,101.36666666666667
BB,2016,January,29,65.285625
SC,2016,January,29,71.74466666666667
HB,2016,January,30,57.800000000000004
BB,2016,January,30,64.31166666666667
SC,2016,January,30,77.39285714285714
HB,2016,January,31,98.25
BB,2016,January,31,61.111612903225804
HB,2016,July,1,108.80999999999999
BB,2016,July,1,109.11543046357616
SC,2016,July,1,92.99411764705883
HB,2016,July,2,92.92812500000001
FB,2016,July,2,317.0
BB,2016,July,2,117.41932038834952
SC,2016,July,2,105.03214285714284
HB,2016,July,3,144.41
BB,2016,July,3,113.01148148148148
FB,2016,July,3,146.86
SC,2016,July,3,101.72533333333334
BB,2016,July,4,115.43309090909091
HB,2016,July,4,139.875
FB,2016,July,4,115.39666666666666
Undefined,2016,July,4,146.65
SC,2016,July,4,105.91000000000001
HB,2016,July,5,118.66083333333334
FB,2016,July,5,117.0
BB,2016,July,5,119.23517647058821
SC,2016,July,5,97.77454545454545
HB,2016,July,6,151.76666666666668
Undefined,2016,July,6,120.0
BB,2016,July,6,116.5512162162162
SC,2016,July,6,88.3358064516129
HB,2016,July,7,123.08200000000002
BB,2016,July,7,112.01579710144928
SC,2016,July,7,106.76409090909091
HB,2016,July,8,161.46999999999997
BB,2016,July,8,133.13310344827585
SC,2016,July,8,119.362
BB,2016,July,9,123.5094642857143
HB,2016,July,9,105.8
FB,2016,July,9,142.2
SC,2016,July,9,119.25999999999999
HB,2016,July,10,151.9725
BB,2016,July,10,119.01500000000001
SC,2016,July,10,105.78583333333334
FB,2016,July,11,58.050000000000004
Undefined,2016,July,11,251.1
BB,2016,July,11,116.69787401574801
HB,2016,July,11,197.3846153846154
SC,2016,July,11,94.40620689655175
BB,2016,July,12,117.00036363636367
HB,2016,July,12,178.71666666666667
SC,2016,July,12,90.24090909090908
BB,2016,July,13,125.365
HB,2016,July,13,154.66764705882352
SC,2016,July,13,91.22846153846154
HB,2016,July,14,189.01384615384615
BB,2016,July,14,117.21977777777778
SC,2016,July,14,100.01666666666665
HB,2016,July,15,128.7652380952381
BB,2016,July,15,141.20185185185184
SC,2016,July,15,99.11166666666666
Undefined,2016,July,16,165.0666666666667
FB,2016,July,16,174.0
BB,2016,July,16,133.98110236220472
HB,2016,July,16,163.22758620689658
SC,2016,July,16,105.01875000000001
Undefined,2016,July,17,248.70000000000002
HB,2016,July,17,192.10333333333335
FB,2016,July,17,217.08
BB,2016,July,17,135.1197894736842
SC,2016,July,17,95.98333333333333
HB,2016,July,18,165.81416666666667
BB,2016,July,18,130.72917241379312
Undefined,2016,July,18,196.75
SC,2016,July,18,85.70692307692308
SC,2016,July,19,85.8825
BB,2016,July,19,124.64518072289155
HB,2016,July,19,198.25333333333336
BB,2016,July,20,111.32398437500001
HB,2016,July,20,170.43666666666667
SC,2016,July,20,87.635
BB,2016,July,21,124.43365671641791
HB,2016,July,21,113.7978947368421
SC,2016,July,21,86.83333333333333
BB,2016,July,22,119.82547826086957
HB,2016,July,22,180.475
Undefined,2016,July,22,190.0
SC,2016,July,22,85.95
HB,2016,July,23,198.37533333333334
Undefined,2016,July,23,318.0
BB,2016,July,23,136.51170068027213
FB,2016,July,23,171.79125
SC,2016,July,23,95.17730769230768
Undefined,2016,July,24,180.83333333333334
FB,2016,July,24,234.17
BB,2016,July,24,126.64292929292931
HB,2016,July,24,151.92249999999999
SC,2016,July,24,107.68909090909091
Undefined,2016,July,25,308.4
BB,2016,July,25,125.78108527131785
HB,2016,July,25,203.69454545454545
SC,2016,July,25,91.75285714285714
BB,2016,July,26,135.42384615384614
Undefined,2016,July,26,220.5
HB,2016,July,26,150.679375
SC,2016,July,26,69.15714285714286
HB,2016,July,27,194.285
BB,2016,July,27,123.36241666666668
SC,2016,July,27,102.71200000000002
HB,2016,July,28,161.1
Undefined,2016,July,28,288.1
FB,2016,July,28,258.05
BB,2016,July,28,116.9219696969697
SC,2016,July,28,105.0876923076923
FB,2016,July,29,189.6
HB,2016,July,29,197.26000000000002
BB,2016,July,29,156.60179487179488
SC,2016,July,29,94.60157894736842
FB,2016,July,30,245.0725
Undefined,2016,July,30,172.525
BB,2016,July,30,150.9641414141414
HB,2016,July,30,114.96315789473684
SC,2016,July,30,81.69444444444444
HB,2016,July,31,240.46714285714285
BB,2016,July,31,137.7087234042553
Undefined,2016,July,31,179.6
FB,2016,July,31,202.4
SC,2016,July,31,84.93857142857142
Undefined,2016,June,1,114.9
BB,2016,June,1,102.0440594059406
FB,2016,June,1,110.0
HB,2016,June,1,122.0
SC,2016,June,1,104.27230769230769
HB,2016,June,2,105.20733333333332
BB,2016,June,2,105.00148305084744
SC,2016,June,2,104.63133333333334
HB,2016,June,3,97.67599999999999
BB,2016,June,3,109.38615384615383
SC,2016,June,3,74.4625
SC,2016,June,4,101.71000000000001
HB,2016,June,4,109.49125000000001
BB,2016,June,4,91.18125925925926
HB,2016,June,5,106.19133333333335
BB,2016,June,5,91.87379310344828
Undefined,2016,June,5,121.25
SC,2016,June,5,106.4375
FB,2016,June,6,135.1
BB,2016,June,6,103.68034013605444
HB,2016,June,6,111.76620253164558
SC,2016,June,6,94.58333333333333
HB,2016,June,7,125.46000000000001
BB,2016,June,7,116.72652173913043
SC,2016,June,7,115.66666666666667
HB,2016,June,8,143.57
BB,2016,June,8,113.73925531914891
SC,2016,June,8,106.898
BB,2016,June,9,102.68097142857143
HB,2016,June,9,125.61862068965516
FB,2016,June,9,105.56
SC,2016,June,9,101.4038888888889
HB,2016,June,10,143.07999999999998
BB,2016,June,10,114.10483333333335
SC,2016,June,10,110.82272727272729
BB,2016,June,11,114.31304878048783
HB,2016,June,11,86.48529411764709
SC,2016,June,11,97.325
BB,2016,June,12,119.86179190751446
Undefined,2016,June,12,110.0
HB,2016,June,12,137.6609090909091
SC,2016,June,12,96.34416666666668
HB,2016,June,13,134.03666666666666
BB,2016,June,13,104.28102803738315
SC,2016,June,13,93.91294117647058
BB,2016,June,14,108.23884816753927
HB,2016,June,14,132.58434782608694
SC,2016,June,14,105.12400000000001
HB,2016,June,15,106.75500000000001
BB,2016,June,15,122.3570053475936
Undefined,2016,June,15,183.86
SC,2016,June,15,111.005
HB,2016,June,16,92.95555555555556
BB,2016,June,16,107.42461538461538
Undefined,2016,June,16,202.73333333333335
SC,2016,June,16,115.70333333333333
HB,2016,June,17,149.6525
BB,2016,June,17,103.11646428571426
SC,2016,June,17,108.37080000000002
BB,2016,June,18,111.41535353535355
HB,2016,June,18,94.18869565217392
SC,2016,June,18,120.39999999999999
FB,2016,June,19,146.1
HB,2016,June,19,149.5211111111111
BB,2016,June,19,108.62567307692308
SC,2016,June,19,100.43
BB,2016,June,20,103.03188172043006
Undefined,2016,June,20,156.75
HB,2016,June,20,145.70999999999998
SC,2016,June,20,96.51857142857143
BB,2016,June,21,96.19761061946905
HB,2016,June,21,98.4525
SC,2016,June,21,99.14866666666667
FB,2016,June,21,0.0
BB,2016,June,22,99.65366197183097
SC,2016,June,22,100.41357142857143
HB,2016,June,22,98.08387096774193
FB,2016,June,23,116.9
HB,2016,June,23,85.89666666666666
BB,2016,June,23,85.74891891891892
SC,2016,June,23,89.175
HB,2016,June,24,110.02191780821919
BB,2016,June,24,89.3689
FB,2016,June,25,218.53333333333333
BB,2016,June,25,121.01186440677968
HB,2016,June,25,122.34294117647059
HB,2016,June,26,151.65857142857143
BB,2016,June,26,106.78502890173411
SC,2016,June,26,95.30230769230768
Undefined,2016,June,27,150.69
BB,2016,June,27,116.1647794117647
HB,2016,June,27,100.51687500000001
SC,2016,June,27,95.36870967741933
BB,2016,June,28,110.32135922330099
HB,2016,June,28,102.05
SC,2016,June,28,101.99615384615385
HB,2016,June,29,117.4425
FB,2016,June,29,108.2
BB,2016,June,29,113.71175675675673
SC,2016,June,29,108.9607142857143
HB,2016,June,30,122.47000000000001
BB,2016,June,30,103.23
SC,2016,June,30,105.9117391304348
HB,2016,March,1,73.5836
SC,2016,March,1,58.17375
BB,2016,March,1,63.58944444444444
HB,2016,March,2,52.0
BB,2016,March,2,67.27290322580646
SC,2016,March,2,78.538125
BB,2016,March,3,74.16277777777779
HB,2016,March,3,126.05375000000001
SC,2016,March,3,82.07090909090908
BB,2016,March,4,71.4720359281437
HB,2016,March,4,87.94928571428571
SC,2016,March,4,78.19947368421053
BB,2016,March,5,69.74011494252873
HB,2016,March,5,86.04347826086956
SC,2016,March,5,74.67761904761906
BB,2016,March,6,71.28859649122808
SC,2016,March,6,75.4
HB,2016,March,6,117.2
BB,2016,March,7,67.31932584269663
Undefined,2016,March,7,58.8566666666667
SC,2016,March,7,72.00733333333334
HB,2016,March,7,98.338
FB,2016,March,8,83.33
BB,2016,March,8,63.69156862745097
HB,2016,March,8,59.13333333333333
SC,2016,March,8,79.59333333333333
BB,2016,March,9,69.47467391304347
HB,2016,March,9,75.71756756756757
SC,2016,March,9,75.68571428571428
BB,2016,March,10,71.85900000000001
HB,2016,March,10,96.47333333333334
SC,2016,March,10,67.9908
HB,2016,March,11,117.67999999999999
BB,2016,March,11,65.23700680272108
SC,2016,March,11,71.02
FB,2016,March,12,67.08333333333333
HB,2016,March,12,65.84384615384616
BB,2016,March,12,66.32725490196077
SC,2016,March,12,67.37692307692308
HB,2016,March,13,69.75
BB,2016,March,13,73.4174117647059
SC,2016,March,13,72.55642857142858
HB,2016,March,14,77.40625
BB,2016,March,14,62.5919
SC,2016,March,14,74.41444444444444
BB,2016,March,15,60.070229885057465
FB,2016,March,15,44.87
HB,2016,March,15,75.15727272727273
SC,2016,March,15,71.18153846153847
HB,2016,March,16,90.88
BB,2016,March,16,60.16059405940594
SC,2016,March,16,63.833000000000006
FB,2016,March,16,0.0
BB,2016,March,17,68.26392857142858
HB,2016,March,17,63.80500000000001
SC,2016,March,17,80.62214285714286
BB,2016,March,18,79.84168831168832
HB,2016,March,18,88.88181818181818
SC,2016,March,18,84.70083333333334
BB,2016,March,19,74.64543478260873
Undefined,2016,March,19,66.0
HB,2016,March,19,87.67000000000002
SC,2016,March,19,89.79222222222222
HB,2016,March,20,85.81437500000003
BB,2016,March,20,81.05158878504673
FB,2016,March,20,81.93333333333334
Undefined,2016,March,20,105.0
SC,2016,March,20,85.13399999999999
HB,2016,March,21,108.42333333333333
BB,2016,March,21,70.67140127388535
SC,2016,March,21,84.81299999999999
BB,2016,March,22,88.79261194029851
HB,2016,March,22,99.05000000000001
SC,2016,March,22,95.47466666666666
BB,2016,March,23,91.99330188679244
HB,2016,March,23,103.39900000000003
SC,2016,March,23,90.15416666666665
BB,2016,March,24,103.08830303030302
FB,2016,March,24,81.16279069767442
Undefined,2016,March,24,79.46428571428571
HB,2016,March,24,120.82071428571429
SC,2016,March,24,90.7164705882353
HB,2016,March,25,130.60357142857143
FB,2016,March,25,127.0
BB,2016,March,25,132.61547169811317
SC,2016,March,25,94.04818181818182
HB,2016,March,26,101.58333333333333
BB,2016,March,26,109.34874999999998
SC,2016,March,26,108.77142857142857
HB,2016,March,27,100.20483870967742
BB,2016,March,27,78.79217391304347
SC,2016,March,27,88.66999999999999
BB,2016,March,28,80.63429687500002
HB,2016,March,28,80.2969230769231
SC,2016,March,28,81.53266666666667
BB,2016,March,29,76.92686274509803
HB,2016,March,29,78.60000000000001
SC,2016,March,29,78.95714285714287
BB,2016,March,30,74.9825850340136
SC,2016,March,30,80.31153846153846
HB,2016,March,30,160.81166666666667
BB,2016,March,31,75.66269911504425
SC,2016,March,31,83.33727272727273
HB,2016,March,31,161.1
HB,2016,May,1,83.38499999999999
BB,2016,May,1,102.84231707317073
SC,2016,May,1,74.05428571428571
HB,2016,May,2,81.06085106382979
BB,2016,May,2,89.78398989898992
SC,2016,May,2,97.78611111111111
HB,2016,May,3,111.91541666666667
BB,2016,May,3,85.34725806451613
SC,2016,May,3,96.69285714285715
BB,2016,May,4,88.69015624999999
HB,2016,May,4,133.375
SC,2016,May,4,88.47999999999999
HB,2016,May,5,72.5185
BB,2016,May,5,88.45897119341565
SC,2016,May,5,85.52875
BB,2016,May,6,102.57596491228071
SC,2016,May,6,105.35454545454546
HB,2016,May,6,158.86333333333334
BB,2016,May,7,108.4392233009709
HB,2016,May,7,92.71454545454547
SC,2016,May,7,101.39916666666666
BB,2016,May,8,86.49873786407764
HB,2016,May,8,113.47451612903225
SC,2016,May,8,89.85785714285716
HB,2016,May,9,131.42000000000002
BB,2016,May,9,91.28780303030302
SC,2016,May,9,94.78857142857143
BB,2016,May,10,89.1269918699187
HB,2016,May,10,105.33125
SC,2016,May,10,120.93785714285715
BB,2016,May,11,106.07018348623855
HB,2016,May,11,91.61214285714286
SC,2016,May,11,110.30333333333334
SC,2016,May,12,92.585
BB,2016,May,12,78.82310880829016
HB,2016,May,12,76.61515151515152
BB,2016,May,13,105.15464646464645
HB,2016,May,13,101.35714285714286
SC,2016,May,13,115.25599999999994
BB,2016,May,14,97.12510204081633
HB,2016,May,14,87.46111111111111
SC,2016,May,14,119.325
HB,2016,May,15,144.95999999999998
BB,2016,May,15,90.77348571428571
SC,2016,May,15,95.855
HB,2016,May,16,77.80122448979593
BB,2016,May,16,88.18585526315789
SC,2016,May,16,90.17055555555557
HB,2016,May,17,40.222272727272724
BB,2016,May,17,91.41739884393063
SC,2016,May,17,101.01272727272728
HB,2016,May,18,106.026
BB,2016,May,18,87.70101694915253
SC,2016,May,18,113.61769230769231
FB,2016,May,19,134.945
HB,2016,May,19,88.91857142857144
BB,2016,May,19,90.97422594142257
SC,2016,May,19,99.74444444444445
HB,2016,May,20,134.3825
BB,2016,May,20,99.08817757009346
SC,2016,May,20,127.202
Undefined,2016,May,21,193.0
HB,2016,May,21,106.80724137931034
BB,2016,May,21,116.55846715328465
SC,2016,May,21,112.72458333333334
BB,2016,May,22,97.3929245283019
HB,2016,May,22,144.7
SC,2016,May,22,100.84315789473685
HB,2016,May,23,138.7
BB,2016,May,23,94.97432432432434
SC,2016,May,23,125.40666666666665
BB,2016,May,24,112.88539215686276
HB,2016,May,24,123.46599999999998
SC,2016,May,24,115.90142857142858
HB,2016,May,25,97.27888888888889
BB,2016,May,25,94.85722891566265
SC,2016,May,25,109.27058823529411
BB,2016,May,26,101.10151851851852
HB,2016,May,26,59.17666666666667
FB,2016,May,26,139.0
SC,2016,May,26,117.0
HB,2016,May,27,69.34416666666667
BB,2016,May,27,113.4939759036145
SC,2016,May,27,114.3
BB,2016,May,28,118.92
FB,2016,May,28,83.16
HB,2016,May,28,82.78285714285714
SC,2016,May,28,133.23333333333332
HB,2016,May,29,123.19000000000001
BB,2016,May,29,97.6547878787879
SC,2016,May,29,91.255
BB,2016,May,30,97.5928484848485
HB,2016,May,30,102.85923076923076
SC,2016,May,30,107.20727272727275
BB,2016,May,31,99.39823899371069
HB,2016,May,31,109.0885
FB,2016,May,31,107.1
SC,2016,May,31,105.95249999999999
HB,2016,November,1,103.2625
BB,2016,November,1,91.3612834224599
SC,2016,November,1,78.93941176470587
Undefined,2016,November,2,87.65
BB,2016,November,2,77.88919999999999
HB,2016,November,2,83.40461538461538
SC,2016,November,2,99.68310344827586
BB,2016,November,3,77.10039408866996
Undefined,2016,November,3,66.0
HB,2016,November,3,77.29142857142857
SC,2016,November,3,87.00777777777778
BB,2016,November,4,86.18616161616161
HB,2016,November,4,79.80111111111111
SC,2016,November,4,100.95285714285716
BB,2016,November,5,82.80499999999999
HB,2016,November,5,75.07071428571429
Undefined,2016,November,5,143.97
SC,2016,November,5,72.25857142857141
BB,2016,November,6,117.09402061855668
HB,2016,November,6,70.92333333333333
SC,2016,November,6,117.6276923076923
HB,2016,November,7,68.10857142857144
Undefined,2016,November,7,121.35499999999999
FB,2016,November,7,72.0
BB,2016,November,7,105.98472891566261
SC,2016,November,7,131.26666666666668
HB,2016,November,8,95.28333333333335
BB,2016,November,8,79.23040540540539
SC,2016,November,8,142.6914285714286
HB,2016,November,9,37.80571428571428
BB,2016,November,9,85.15645161290324
SC,2016,November,9,138.20714285714286
BB,2016,November,10,82.66423423423421
HB,2016,November,10,60.029999999999994
Undefined,2016,November,10,57.857142857142854
SC,2016,November,10,127.2615789473684
BB,2016,November,11,81.3204268292683
HB,2016,November,11,103.24666666666667
SC,2016,November,11,80.05194444444444
HB,2016,November,12,69.311875
BB,2016,November,12,70.06119999999999
SC,2016,November,12,80.09966666666666
BB,2016,November,13,76.89933333333335
HB,2016,November,13,76.48666666666668
SC,2016,November,13,71.73083333333334
HB,2016,November,14,82.91454545454548
BB,2016,November,14,71.11339130434781
SC,2016,November,14,81.39937499999999
BB,2016,November,15,62.27766233766235
HB,2016,November,15,88.30714285714285
SC,2016,November,15,67.33181818181818
BB,2016,November,16,75.99413461538462
HB,2016,November,16,74.17
SC,2016,November,16,75.18473684210525
BB,2016,November,17,65.58521367521368
HB,2016,November,17,113.28
SC,2016,November,17,78.30666666666666
BB,2016,November,18,76.49048275862069
Undefined,2016,November,18,64.0
HB,2016,November,18,67.246
SC,2016,November,18,83.8832258064516
BB,2016,November,19,74.10577981651376
HB,2016,November,19,77.12083333333332
SC,2016,November,19,81.30842105263156
BB,2016,November,20,78.06131578947368
HB,2016,November,20,58.74666666666667
SC,2016,November,20,72.07357142857143
SC,2016,November,21,65.0076923076923
HB,2016,November,21,88.17818181818183
BB,2016,November,21,74.32169811320753
HB,2016,November,22,96.775
BB,2016,November,22,73.10032258064517
SC,2016,November,22,77.88846153846154
Undefined,2016,November,23,96.0
BB,2016,November,23,68.82604395604397
HB,2016,November,23,84.145
SC,2016,November,23,72.942
BB,2016,November,24,66.58227722772278
Undefined,2016,November,24,77.0
SC,2016,November,24,73.11416666666666
HB,2016,November,24,93.55
BB,2016,November,25,79.06105633802817
Undefined,2016,November,25,73.5
HB,2016,November,25,65.7525
SC,2016,November,25,78.18771428571429
BB,2016,November,26,64.41257425742575
HB,2016,November,26,101.16166666666668
SC,2016,November,26,68.30461538461539
BB,2016,November,27,74.55308823529413
HB,2016,November,27,91.75
SC,2016,November,27,78.56
BB,2016,November,28,66.42536363636364
SC,2016,November,28,77.71625
BB,2016,November,29,70.1950505050505
HB,2016,November,29,76.68833333333333
SC,2016,November,29,74.2875
HB,2016,November,30,62.5
BB,2016,November,30,72.2479661016949
SC,2016,November,30,76.67142857142858
HB,2016,October,1,100.84568965517242
BB,2016,October,1,105.61476635514019
SC,2016,October,1,90.70526315789473
BB,2016,October,2,101.33842105263159
HB,2016,October,2,107.03333333333335
SC,2016,October,2,111.064
HB,2016,October,3,131.08833333333334
BB,2016,October,3,103.10766467065868
SC,2016,October,3,121.2969230769231
BB,2016,October,4,106.67496296296298
HB,2016,October,4,78.99125000000001
SC,2016,October,4,115.85769230769232
BB,2016,October,5,106.55304093567253
HB,2016,October,5,129.20000000000002
SC,2016,October,5,101.41533333333334
HB,2016,October,6,102.08619047619047
SC,2016,October,6,104.29181818181819
BB,2016,October,6,82.0006225680934
HB,2016,October,7,167.788
BB,2016,October,7,113.28128654970759
SC,2016,October,7,125.10799999999999
SC,2016,October,8,95.45444444444443
BB,2016,October,8,105.3425581395349
HB,2016,October,8,79.78117647058824
BB,2016,October,9,83.12346820809249
HB,2016,October,9,68.09318181818183
SC,2016,October,9,104.82947368421054
HB,2016,October,10,62.35
BB,2016,October,10,106.7642780748663
SC,2016,October,10,105.21130434782607
BB,2016,October,11,100.93748344370862
HB,2016,October,11,80.875
SC,2016,October,11,96.70956521739129
BB,2016,October,12,88.15257383966244
SC,2016,October,12,106.41833333333334
HB,2016,October,12,202.5
HB,2016,October,13,83.0
BB,2016,October,13,100.03753246753247
SC,2016,October,13,107.69441176470588
HB,2016,October,14,108.89821917808219
BB,2016,October,14,101.14302521008403
SC,2016,October,14,36.0
BB,2016,October,15,111.7971666666667
HB,2016,October,15,122.846
SC,2016,October,15,121.35999999999999
BB,2016,October,16,90.28168269230767
HB,2016,October,16,91.03872727272727
SC,2016,October,16,113.65555555555557
BB,2016,October,17,95.69149425287357
HB,2016,October,17,101.25714285714285
SC,2016,October,17,116.43095238095239
BB,2016,October,18,86.92051020408162
HB,2016,October,18,75.42681818181818
SC,2016,October,18,97.66125
HB,2016,October,19,116.74333333333334
BB,2016,October,19,90.96519607843138
SC,2016,October,19,99.10235294117648
HB,2016,October,20,113.86599999999999
BB,2016,October,20,78.81220720720721
SC,2016,October,20,110.29250000000002
FB,2016,October,21,69.75
BB,2016,October,21,98.1472685185185
HB,2016,October,21,120.2464705882353
SC,2016,October,21,121.04666666666667
HB,2016,October,22,130.6547619047619
BB,2016,October,22,93.8312582781457
SC,2016,October,22,105.09333333333332
HB,2016,October,23,106.49179775280899
BB,2016,October,23,74.50147368421052
SC,2016,October,23,77.10125
BB,2016,October,24,79.12229357798165
Undefined,2016,October,24,94.0
HB,2016,October,24,117.99705882352941
SC,2016,October,24,90.39666666666666
HB,2016,October,25,150.69428571428574
BB,2016,October,25,86.98487394957981
SC,2016,October,25,97.02137931034483
BB,2016,October,26,88.69902255639099
HB,2016,October,26,89.85428571428572
Undefined,2016,October,26,126.74
SC,2016,October,26,85.14666666666668
HB,2016,October,27,100.70833333333336
BB,2016,October,27,77.83197530864197
SC,2016,October,27,96.6126923076923
HB,2016,October,28,110.69333333333334
BB,2016,October,28,92.72041522491347
SC,2016,October,28,94.19733333333333
BB,2016,October,29,82.05855614973262
HB,2016,October,29,129.084375
SC,2016,October,29,105.44694444444444
HB,2016,October,30,102.34200000000001
BB,2016,October,30,84.657
SC,2016,October,30,89.04551724137932
HB,2016,October,31,106.88470588235293
BB,2016,October,31,81.55547826086958
SC,2016,October,31,82.87200000000001
BB,2016,September,1,111.24660130718956
HB,2016,September,1,121.44947368421053
SC,2016,September,1,108.6404761904762
HB,2016,September,2,159.80149999999998
BB,2016,September,2,129.34346456692919
SC,2016,September,2,105.28962962962962
HB,2016,September,3,102.16973684210527
Undefined,2016,September,3,109.51
BB,2016,September,3,114.19878048780485
SC,2016,September,3,107.755
HB,2016,September,4,142.7323076923077
FB,2016,September,4,240.6
BB,2016,September,4,122.44352941176469
SC,2016,September,4,108.48624999999998
FB,2016,September,5,145.70000000000002
Undefined,2016,September,5,118.0
BB,2016,September,5,118.51466165413531
HB,2016,September,5,115.46538461538464
SC,2016,September,5,112.83772727272729
HB,2016,September,6,154.2911111111111
BB,2016,September,6,122.28985714285713
SC,2016,September,6,100.52999999999999
BB,2016,September,7,109.66026086956522
HB,2016,September,7,162.25833333333335
SC,2016,September,7,115.875
HB,2016,September,8,127.625
BB,2016,September,8,106.38798941798939
SC,2016,September,8,124.078
HB,2016,September,9,143.53571428571428
BB,2016,September,9,119.65884615384617
SC,2016,September,9,119.1148
FB,2016,September,10,161.2
HB,2016,September,10,97.38809523809525
BB,2016,September,10,129.22493975903618
SC,2016,September,10,108.237
HB,2016,September,11,129.52166666666668
BB,2016,September,11,126.6698484848485
SC,2016,September,11,99.35205882352942
HB,2016,September,12,155.53666666666666
BB,2016,September,12,116.56650349650351
SC,2016,September,12,104.98708333333332
BB,2016,September,13,125.00417582417583
HB,2016,September,13,108.5872
BB,2016,September,14,113.53907563025209
SC,2016,September,14,109.13333333333333
HB,2016,September,15,151.14249999999998
BB,2016,September,15,112.18929961089495
SC,2016,September,15,130.34625
HB,2016,September,16,111.77416666666666
BB,2016,September,16,117.59201219512195
SC,2016,September,16,125.54235294117646
HB,2016,September,17,139.04095238095238
BB,2016,September,17,114.03034090909092
SC,2016,September,17,122.68666666666665
BB,2016,September,18,110.2232876712329
HB,2016,September,18,107.99
SC,2016,September,18,123.18666666666667
Undefined,2016,September,19,142.0
FB,2016,September,19,71.9
BB,2016,September,19,113.33230769230767
HB,2016,September,19,121.36529411764707
SC,2016,September,19,127.21071428571429
BB,2016,September,20,111.28300518134715
FB,2016,September,20,145.6
HB,2016,September,20,79.05
SC,2016,September,20,120.70615384615384
BB,2016,September,21,93.22992857142857
HB,2016,September,21,102.71940298507464
SC,2016,September,21,175.0
HB,2016,September,22,124.33333333333333
BB,2016,September,22,116.35366279069768
SC,2016,September,22,128.4478947368421
BB,2016,September,23,118.23565573770495
HB,2016,September,23,158.53875
SC,2016,September,23,135.369
HB,2016,September,24,103.3876923076923
BB,2016,September,24,140.83120879120878
SC,2016,September,24,137.64000000000001
HB,2016,September,25,84.54615384615384
BB,2016,September,25,118.41175438596491
SC,2016,September,25,115.04285714285713
HB,2016,September,26,90.52573913043479
BB,2016,September,26,106.93384146341462
SC,2016,September,26,121.8388
HB,2016,September,27,112.36875
BB,2016,September,27,123.44802083333332
SC,2016,September,27,103.51111111111112
BB,2016,September,28,102.8722641509434
HB,2016,September,28,135.01260869565218
SC,2016,September,28,98.16857142857144
BB,2016,September,29,99.32367088607597
HB,2016,September,29,137.81272727272727
SC,2016,September,29,110.08538461538463
BB,2016,September,30,110.60028340080966
HB,2016,September,30,152.31896551724137
SC,2016,September,30,82.60799999999999
Undefined,2017,April,1,124.28
HB,2017,April,1,134.82
BB,2017,April,1,107.01915094339626
SC,2017,April,1,101.461
BB,2017,April,2,103.85301369863015
HB,2017,April,2,118.39111111111112
SC,2017,April,2,101.69857142857144
BB,2017,April,3,95.33029556650247
HB,2017,April,3,137.50307692307692
SC,2017,April,3,101.044
BB,2017,April,4,108.08882882882882
HB,2017,April,4,166.132
SC,2017,April,4,89.78888888888889
BB,2017,April,5,86.86758620689655
Undefined,2017,April,5,97.0
HB,2017,April,5,132.47666666666666
SC,2017,April,5,116.89375
BB,2017,April,6,110.05571428571427
Undefined,2017,April,6,206.5
HB,2017,April,6,131.71428571428572
SC,2017,April,6,108.55555555555557
HB,2017,April,7,178.14416666666668
BB,2017,April,7,122.12188118811882
SC,2017,April,7,112.83333333333333
Undefined,2017,April,8,106.85
BB,2017,April,8,110.6153781512605
HB,2017,April,8,116.5222222222222
SC,2017,April,8,104.82307692307693
HB,2017,April,9,105.74083333333331
BB,2017,April,9,108.69351063829788
SC,2017,April,9,110.57279999999999
BB,2017,April,10,114.30781512605043
HB,2017,April,10,142.19454545454545
SC,2017,April,10,103.53230769230768
Undefined,2017,April,11,145.35142857142858
HB,2017,April,11,138.55785714285713
BB,2017,April,11,113.95826530612244
SC,2017,April,11,111.80000000000001
BB,2017,April,12,124.13850574712643
HB,2017,April,12,155.79615384615383
SC,2017,April,12,107.37909090909092
BB,2017,April,13,125.293875
HB,2017,April,13,138.60585365853657
SC,2017,April,13,127.2941463414634
HB,2017,April,14,135.89210526315787
Undefined,2017,April,14,200.83
BB,2017,April,14,118.05860759493672
SC,2017,April,14,115.54891304347827
SC,2017,April,15,113.38378378378378
HB,2017,April,15,139.95483870967743
BB,2017,April,15,112.70559006211181
HB,2017,April,16,100.852
BB,2017,April,16,115.25453703703704
SC,2017,April,16,111.54724137931034
HB,2017,April,17,142.00315789473683
BB,2017,April,17,112.05984962406015
SC,2017,April,17,101.1809090909091
BB,2017,April,18,100.70452173913043
HB,2017,April,18,148.078
SC,2017,April,18,102.63125
BB,2017,April,19,111.95215384615383
FB,2017,April,19,109.8
HB,2017,April,19,145.49571428571429
SC,2017,April,19,120.3
HB,2017,April,20,104.72500000000001
BB,2017,April,20,103.13268115942029
Undefined,2017,April,20,131.0
SC,2017,April,20,94.93666666666667
HB,2017,April,21,157.975
BB,2017,April,21,111.78119170984456
SC,2017,April,21,104.22727272727273
BB,2017,April,22,101.34378205128205
HB,2017,April,22,130.625
FB,2017,April,22,124.5
Undefined,2017,April,22,101.1339393939394
SC,2017,April,22,102.9
BB,2017,April,23,100.38100917431193
HB,2017,April,23,89.80644444444442
FB,2017,April,23,90.95
SC,2017,April,23,95.98857142857142
BB,2017,April,24,115.68103448275862
SC,2017,April,24,100.7781818181818
HB,2017,April,24,144.18
HB,2017,April,25,101.04906976744188
BB,2017,April,25,118.09385964912282
Undefined,2017,April,25,196.0
SC,2017,April,25,96.84299999999999
HB,2017,April,26,177.0275
BB,2017,April,26,115.79755020080322
SC,2017,April,26,100.76562499999999
BB,2017,April,27,114.92301204819277
HB,2017,April,27,136.88333333333333
SC,2017,April,27,99.21428571428571
BB,2017,April,28,126.92711340206186
Undefined,2017,April,28,0.0
HB,2017,April,28,129.98499999999999
FB,2017,April,28,88.2
SC,2017,April,28,111.94978723404255
HB,2017,April,29,116.09910714285716
Undefined,2017,April,29,82.46000000000001
BB,2017,April,29,109.38275280898876
SC,2017,April,29,117.16644736842105
BB,2017,April,30,110.3508791208791
HB,2017,April,30,86.52578947368423
SC,2017,April,30,123.07
FB,2017,August,1,240.5
HB,2017,August,1,215.0534615384615
BB,2017,August,1,161.794358974359
Undefined,2017,August,1,426.25
SC,2017,August,1,115.10562499999999
BB,2017,August,2,157.21670886075952
HB,2017,August,2,186.5204081632653
FB,2017,August,2,201.62333333333333
SC,2017,August,2,122.98421052631578
Undefined,2017,August,3,199.78666666666666
BB,2017,August,3,162.62027272727275
HB,2017,August,3,189.6146153846154
SC,2017,August,3,119.02189189189188
BB,2017,August,4,176.29701923076922
HB,2017,August,4,253.80117647058827
FB,2017,August,4,358.75
SC,2017,August,4,114.81780487804878
HB,2017,August,5,213.48263157894738
BB,2017,August,5,188.2
SC,2017,August,5,120.225
Undefined,2017,August,6,195.0
FB,2017,August,6,236.53
BB,2017,August,6,170.6320202020202
HB,2017,August,6,230.00142857142853
SC,2017,August,6,111.43823529411765
Undefined,2017,August,7,207.18
HB,2017,August,7,214.6514
BB,2017,August,7,171.10040000000004
FB,2017,August,7,139.1
SC,2017,August,7,123.24879999999999
BB,2017,August,8,152.72455445544554
HB,2017,August,8,195.59249999999997
SC,2017,August,8,123.1453846153846
Undefined,2017,August,8,335.0
FB,2017,August,9,300.6
BB,2017,August,9,162.7267676767677
HB,2017,August,9,216.50444444444443
SC,2017,August,9,132.7044
BB,2017,August,10,161.32581818181822
HB,2017,August,10,230.375
SC,2017,August,10,127.85434782608694
HB,2017,August,11,220.19000000000003
BB,2017,August,11,171.03045454545457
SC,2017,August,11,112.32649999999998
Undefined,2017,August,11,220.98
BB,2017,August,12,157.73558139534885
HB,2017,August,12,200.50733333333332
FB,2017,August,12,155.7
SC,2017,August,12,120.12439999999998
Undefined,2017,August,12,212.58
Undefined,2017,August,13,259.0366666666667
HB,2017,August,13,209.60842105263157
BB,2017,August,13,166.22042105263156
FB,2017,August,13,352.25
SC,2017,August,13,129.6446153846154
HB,2017,August,14,210.5388888888889
BB,2017,August,14,174.8533027522936
SC,2017,August,14,129.68200000000002
HB,2017,August,15,218.77769230769232
BB,2017,August,15,151.78520325203255
SC,2017,August,15,125.00166666666667
HB,2017,August,16,214.0978571428571
BB,2017,August,16,159.1404580152672
Undefined,2017,August,16,158.85
SC,2017,August,16,121.77741935483871
HB,2017,August,17,231.08365853658532
BB,2017,August,17,171.16500000000002
SC,2017,August,17,126.41666666666664
FB,2017,August,18,290.0
HB,2017,August,18,237.82363636363635
BB,2017,August,18,173.21590163934428
SC,2017,August,18,111.59285714285714
FB,2017,August,19,199.6933333333333
HB,2017,August,19,210.00827586206898
BB,2017,August,19,170.2313768115942
SC,2017,August,19,112.04666666666667
HB,2017,August,20,223.49740740740742
BB,2017,August,20,150.75526785714285
FB,2017,August,20,227.06
SC,2017,August,20,105.9215789473684
FB,2017,August,21,250.038
HB,2017,August,21,215.00968749999998
Undefined,2017,August,21,146.65
BB,2017,August,21,161.49672897196263
SC,2017,August,21,106.62307692307692
BB,2017,August,22,169.79930555555555
FB,2017,August,22,319.0
HB,2017,August,22,234.64
SC,2017,August,22,123.76714285714284
BB,2017,August,23,159.9247619047619
HB,2017,August,23,196.1552
SC,2017,August,23,118.49941176470588
Undefined,2017,August,24,241.82666666666668
HB,2017,August,24,196.7745
BB,2017,August,24,158.5750892857143
SC,2017,August,24,116.82777777777775
FB,2017,August,24,223.33
HB,2017,August,25,135.16176470588226
BB,2017,August,25,172.37274725274725
FB,2017,August,25,230.5
SC,2017,August,25,109.24538461538462
BB,2017,August,26,161.15870689655176
HB,2017,August,26,207.8662162162162
FB,2017,August,26,210.575
SC,2017,August,26,102.45555555555556
HB,2017,August,27,210.0728
BB,2017,August,27,152.0202608695652
SC,2017,August,27,96.49548387096775
Undefined,2017,August,27,351.0
FB,2017,August,27,277.25
BB,2017,August,28,161.4450495049505
HB,2017,August,28,142.06040404040402
FB,2017,August,28,215.42999999999998
SC,2017,August,28,113.025
HB,2017,August,29,180.608
BB,2017,August,29,147.5894623655914
SC,2017,August,29,115.91045454545453
HB,2017,August,30,154.05833333333334
BB,2017,August,30,152.78507246376813
Undefined,2017,August,30,266.06
SC,2017,August,30,105.89285714285714
BB,2017,August,31,148.81431578947368
HB,2017,August,31,180.41444444444443
Undefined,2017,August,31,224.66500000000002
SC,2017,August,31,123.60368421052631
BB,2017,February,1,62.1633823529412
HB,2017,February,1,95.96666666666665
SC,2017,February,1,72.87714285714286
HB,2017,February,2,106.30833333333332
BB,2017,February,2,72.35921568627452
SC,2017,February,2,72.23916666666666
FB,2017,February,2,0.0
HB,2017,February,3,137.26666666666668
Undefined,2017,February,3,128.74
BB,2017,February,3,74.11637499999999
SC,2017,February,3,84.33057142857145
SC,2017,February,4,76.68400000000001
BB,2017,February,4,66.61048387096777
HB,2017,February,4,85.458
HB,2017,February,5,106.3
BB,2017,February,5,74.52072463768117
SC,2017,February,5,71.37294117647059
BB,2017,February,6,69.06676923076924
HB,2017,February,6,89.02000000000001
SC,2017,February,6,67.58
Undefined,2017,February,6,96.81818181818181
FB,2017,February,6,58.4
BB,2017,February,7,67.94459016393441
HB,2017,February,7,111.97333333333334
SC,2017,February,7,67.65181818181817
BB,2017,February,8,62.83769230769231
HB,2017,February,8,78.0
SC,2017,February,8,75.2
Undefined,2017,February,9,59.666666666666664
HB,2017,February,9,121.98800000000001
BB,2017,February,9,71.916875
SC,2017,February,9,76.33714285714285
HB,2017,February,10,65.86452380952382
BB,2017,February,10,82.86272727272727
SC,2017,February,10,74.62181818181818
Undefined,2017,February,10,142.5
SC,2017,February,11,72.92
HB,2017,February,11,115.82222222222224
BB,2017,February,11,74.0507476635514
HB,2017,February,12,102.014
BB,2017,February,12,82.22277108433737
SC,2017,February,12,72.03450000000001
HB,2017,February,13,77.69178571428571
SC,2017,February,13,73.7196551724138
BB,2017,February,13,83.87435185185186
BB,2017,February,14,78.81637168141593
HB,2017,February,14,125.91923076923078
SC,2017,February,14,80.19440000000002
HB,2017,February,15,99.695
BB,2017,February,15,81.1196875
SC,2017,February,15,71.13812499999999
Undefined,2017,February,16,73.85499999999999
HB,2017,February,16,97.23499999999999
BB,2017,February,16,74.95097087378642
SC,2017,February,16,87.315
BB,2017,February,17,74.3709604519774
HB,2017,February,17,107.25142857142858
Undefined,2017,February,17,98.1
SC,2017,February,17,82.49941176470587
BB,2017,February,18,68.91879629629628
HB,2017,February,18,99.09499999999998
FB,2017,February,18,87.0
SC,2017,February,18,81.15714285714284
HB,2017,February,19,102.18428571428572
BB,2017,February,19,75.79692982456142
SC,2017,February,19,85.64
HB,2017,February,20,117.65923076923079
SC,2017,February,20,68.79695652173913
BB,2017,February,20,75.03746376811596
BB,2017,February,21,61.520126582278486
HB,2017,February,21,121.46400000000001
SC,2017,February,21,67.77
BB,2017,February,22,66.170987654321
HB,2017,February,22,137.46666666666667
SC,2017,February,22,73.88
HB,2017,February,23,93.7
BB,2017,February,23,82.1905504587156
Undefined,2017,February,23,53.756410256410255
SC,2017,February,23,82.96777777777778
BB,2017,February,24,84.71902654867256
Undefined,2017,February,24,88.56
HB,2017,February,24,90.15555555555555
SC,2017,February,24,76.59850000000002
HB,2017,February,25,90.44411764705885
BB,2017,February,25,79.51554307116105
FB,2017,February,25,88.0
SC,2017,February,25,84.23428571428573
HB,2017,February,26,115.19157894736841
BB,2017,February,26,81.45748201438849
SC,2017,February,26,72.85962962962961
HB,2017,February,27,94.53333333333335
BB,2017,February,27,86.47073684210528
SC,2017,February,27,80.31593749999999
HB,2017,February,28,129.075
BB,2017,February,28,62.98303370786517
SC,2017,February,28,65.27555555555556
BB,2017,January,1,80.45118181818182
HB,2017,January,1,106.97666666666665
SC,2017,January,1,74.64333333333333
HB,2017,January,2,107.83045454545454
BB,2017,January,2,85.05465648854961
SC,2017,January,2,75.69615384615385
HB,2017,January,3,112.42777777777778
BB,2017,January,3,85.98464285714286
SC,2017,January,3,75.19193548387096
BB,2017,January,4,70.42057142857144
HB,2017,January,4,96.38
SC,2017,January,4,71.9575
BB,2017,January,5,74.11186666666666
HB,2017,January,5,87.40181818181817
Undefined,2017,January,5,53.333333333333336
SC,2017,January,5,77.10888888888888
BB,2017,January,6,79.6029761904762
HB,2017,January,6,84.5475
SC,2017,January,6,71.91749999999999
BB,2017,January,7,71.85428571428572
HB,2017,January,7,125.9075
SC,2017,January,7,82.524
BB,2017,January,8,66.51802083333335
HB,2017,January,8,137.95833333333334
SC,2017,January,8,70.21875
HB,2017,January,9,83.16666666666667
BB,2017,January,9,64.63079365079365
SC,2017,January,9,56.801249999999996
HB,2017,January,10,79.745
BB,2017,January,10,62.651818181818186
SC,2017,January,10,76.70777777777776
BB,2017,January,11,67.28142857142859
HB,2017,January,11,77.455
SC,2017,January,11,73.50375
HB,2017,January,12,96.88
BB,2017,January,12,66.88836206896552
SC,2017,January,12,71.47941176470589
BB,2017,January,13,78.88904109589042
SC,2017,January,13,78.85571428571428
HB,2017,January,13,132.07999999999998
HB,2017,January,14,90.40375
SC,2017,January,14,66.5476923076923
BB,2017,January,14,76.71567839195978
Undefined,2017,January,15,55.0
BB,2017,January,15,80.90890909090909
SC,2017,January,15,64.81777777777778
HB,2017,January,15,0.0
HB,2017,January,16,59.875
BB,2017,January,16,81.54057142857143
Undefined,2017,January,16,54.059158878504675
SC,2017,January,16,79.01833333333333
Undefined,2017,January,17,22.916666666666668
BB,2017,January,17,69.29288461538461
SC,2017,January,17,76.16499999999999
HB,2017,January,17,95.0
BB,2017,January,18,72.25175355450237
HB,2017,January,18,126.742
SC,2017,January,18,73.70333333333333
BB,2017,January,19,70.74669999999998
Undefined,2017,January,19,66.0
HB,2017,January,19,77.08857142857143
SC,2017,January,19,83.07538461538459
FB,2017,January,20,88.4
BB,2017,January,20,84.88307692307691
HB,2017,January,20,109.34166666666665
SC,2017,January,20,64.2275
HB,2017,January,21,112.32749999999999
BB,2017,January,21,71.24799999999999
FB,2017,January,21,74.5
SC,2017,January,21,77.89066666666668
BB,2017,January,22,73.98120689655173
HB,2017,January,22,79.5829411764706
SC,2017,January,22,77.64999999999999
BB,2017,January,23,77.30371069182391
SC,2017,January,23,73.18384615384616
BB,2017,January,24,70.15794520547946
HB,2017,January,24,88.58500000000001
SC,2017,January,24,66.76199999999999
SC,2017,January,25,58.47083333333334
BB,2017,January,25,75.12801136363636
HB,2017,January,25,120.59333333333332
HB,2017,January,26,84.396
BB,2017,January,26,60.80428571428572
SC,2017,January,26,77.12363636363636
HB,2017,January,27,82.825
BB,2017,January,27,67.79400000000001
SC,2017,January,27,65.71153846153847
HB,2017,January,28,94.25692307692309
BB,2017,January,28,67.27720930232559
SC,2017,January,28,75.0825
BB,2017,January,29,64.92843137254903
HB,2017,January,29,93.03333333333335
SC,2017,January,29,74.69214285714285
BB,2017,January,30,67.30929411764707
HB,2017,January,30,92.191
SC,2017,January,30,60.146249999999995
HB,2017,January,31,103.41
BB,2017,January,31,66.05939393939394
SC,2017,January,31,71.92750000000001
BB,2017,July,1,128.2392647058824
HB,2017,July,1,152.88225806451615
Undefined,2017,July,1,179.0
SC,2017,July,1,100.6875
HB,2017,July,2,168.7365384615385
BB,2017,July,2,137.32084210526315
SC,2017,July,2,100.68359999999998
HB,2017,July,3,167.03657894736844
BB,2017,July,3,137.5264754098361
SC,2017,July,3,94.62714285714287
HB,2017,July,4,121.51038461538454
BB,2017,July,4,118.55440366972479
SC,2017,July,4,90.08250000000001
Undefined,2017,July,4,213.57
BB,2017,July,5,128.81670000000003
Undefined,2017,July,5,179.71
HB,2017,July,5,161.75055555555556
SC,2017,July,5,96.81947368421054
BB,2017,July,6,130.5703875968993
HB,2017,July,6,181.02866666666665
SC,2017,July,6,101.31163636363635
BB,2017,July,7,126.84059405940596
HB,2017,July,7,163.18400000000008
SC,2017,July,7,107.13589743589742
BB,2017,July,8,139.93656250000004
HB,2017,July,8,181.15
FB,2017,July,8,187.9
SC,2017,July,8,100.13499999999999
Undefined,2017,July,8,223.0
BB,2017,July,9,137.5826380368098
HB,2017,July,9,172.1
SC,2017,July,9,108.14624999999998
BB,2017,July,10,137.569090909091
HB,2017,July,10,195.53620689655173
SC,2017,July,10,105.76799999999999
BB,2017,July,11,143.26152671755733
FB,2017,July,11,275.0
HB,2017,July,11,166.26521739130433
SC,2017,July,11,108.61153846153846
HB,2017,July,12,188.10500000000002
BB,2017,July,12,129.8897468354431
SC,2017,July,12,99.0757142857143
Undefined,2017,July,13,230.3
BB,2017,July,13,138.16567796610173
SC,2017,July,13,90.81666666666668
HB,2017,July,13,124.50422535211258
HB,2017,July,14,195.6141666666667
BB,2017,July,14,158.8815053763441
SC,2017,July,14,123.41
HB,2017,July,15,178.72681818181817
BB,2017,July,15,141.9193689320389
SC,2017,July,15,104.87594594594593
FB,2017,July,16,225.39499999999998
BB,2017,July,16,139.0450515463918
HB,2017,July,16,177.9348
SC,2017,July,16,98.64103448275861
FB,2017,July,17,200.925
HB,2017,July,17,211.31666666666666
Undefined,2017,July,17,274.45
BB,2017,July,17,146.0928455284554
SC,2017,July,17,101.57499999999997
BB,2017,July,18,131.42285714285717
HB,2017,July,18,192.87352941176468
FB,2017,July,18,155.7
SC,2017,July,18,92.276
HB,2017,July,19,216.00875
BB,2017,July,19,151.27720000000002
SC,2017,July,19,103.44142857142859
HB,2017,July,20,216.273
BB,2017,July,20,151.99482352941178
SC,2017,July,20,109.67769230769233
FB,2017,July,20,247.0
HB,2017,July,21,207.22857142857146
BB,2017,July,21,157.33794117647057
Undefined,2017,July,21,237.34
SC,2017,July,21,103.05545454545455
HB,2017,July,22,139.8557831325301
Undefined,2017,July,22,289.5
BB,2017,July,22,155.02307692307693
SC,2017,July,22,119.50714285714288
FB,2017,July,22,263.45000000000005
BB,2017,July,23,153.4130158730159
HB,2017,July,23,228.28625
SC,2017,July,23,121.38624999999999
Undefined,2017,July,23,158.85
HB,2017,July,24,215.48675675675676
SC,2017,July,24,112.93577777777777
BB,2017,July,24,150.9524806201551
Undefined,2017,July,24,249.38
BB,2017,July,25,148.8531775700935
HB,2017,July,25,200.83882352941174
SC,2017,July,25,104.53529411764706
BB,2017,July,26,143.0269784172662
HB,2017,July,26,224.27636363636364
SC,2017,July,26,122.76181818181819
HB,2017,July,27,202.0985714285714
BB,2017,July,27,152.11282051282055
SC,2017,July,27,110.00640000000001
FB,2017,July,27,241.81
HB,2017,July,28,217.9576470588235
BB,2017,July,28,155.98936936936937
SC,2017,July,28,112.71731707317073
HB,2017,July,29,235.40160000000003
BB,2017,July,29,151.6978343949045
FB,2017,July,29,208.08
SC,2017,July,29,126.34629629629627
HB,2017,July,30,218.72181818181818
BB,2017,July,30,152.02050505050505
FB,2017,July,30,311.7
SC,2017,July,30,113.04521739130435
HB,2017,July,31,233.6974074074074
BB,2017,July,31,163.01159663865548
Undefined,2017,July,31,309.1
SC,2017,July,31,106.41828571428572
HB,2017,June,1,132.52812500000002
BB,2017,June,1,119.50882352941176
SC,2017,June,1,122.9056
BB,2017,June,2,121.70502392344497
HB,2017,June,2,181.95000000000002
SC,2017,June,2,133.8347619047619
HB,2017,June,3,151.50454545454545
BB,2017,June,3,111.11036458333335
SC,2017,June,3,127.8375
BB,2017,June,4,120.67889830508473
HB,2017,June,4,126.27153846153846
SC,2017,June,4,115.64000000000001
BB,2017,June,5,132.55949152542374
HB,2017,June,5,134.23846153846156
SC,2017,June,5,124.7679069767442
HB,2017,June,6,131.77875
BB,2017,June,6,127.97838383838382
SC,2017,June,6,118.33032258064516
HB,2017,June,7,170.49466666666666
BB,2017,June,7,121.44034782608696
SC,2017,June,7,116.94222222222223
BB,2017,June,8,143.53371747211895
HB,2017,June,8,110.1274358974359
SC,2017,June,8,117.61344827586207
FB,2017,June,9,195.0
HB,2017,June,9,170.15588235294115
BB,2017,June,9,127.15456790123457
SC,2017,June,9,114.6427906976744
BB,2017,June,10,129.7601
HB,2017,June,10,176.00583333333336
SC,2017,June,10,120.95461538461538
Undefined,2017,June,10,199.0
HB,2017,June,11,155.0066666666667
BB,2017,June,11,116.2458181818182
SC,2017,June,11,110.42888888888889
FB,2017,June,12,125.6
HB,2017,June,12,146.26642857142855
BB,2017,June,12,122.0157446808511
Undefined,2017,June,12,137.7
SC,2017,June,12,115.4718181818182
BB,2017,June,13,116.20483870967742
HB,2017,June,13,144.74266666666668
SC,2017,June,13,115.14999999999999
BB,2017,June,14,114.98691729323309
HB,2017,June,14,162.95083333333332
SC,2017,June,14,110.79285714285713
BB,2017,June,15,130.10767605633802
HB,2017,June,15,128.76454545454547
SC,2017,June,15,113.18772727272726
BB,2017,June,16,115.10290780141843
HB,2017,June,16,188.67142857142855
FB,2017,June,16,318.82
SC,2017,June,16,111.02857142857144
Undefined,2017,June,17,247.44
BB,2017,June,17,124.45042105263161
HB,2017,June,17,154.77615384615385
SC,2017,June,17,119.87952380952382
BB,2017,June,18,116.09381818181818
HB,2017,June,18,148.3242105263158
SC,2017,June,18,118.54333333333332
HB,2017,June,19,148.98833333333334
BB,2017,June,19,133.95392592592592
Undefined,2017,June,19,166.26999999999998
SC,2017,June,19,113.15599999999999
FB,2017,June,19,158.9
HB,2017,June,20,177.26
BB,2017,June,20,131.29951612903227
SC,2017,June,20,124.55964285714286
BB,2017,June,21,130.56396946564885
SC,2017,June,21,121.096
HB,2017,June,21,176.56900000000002
Undefined,2017,June,21,157.7
HB,2017,June,22,153.57625
Undefined,2017,June,22,151.56
BB,2017,June,22,117.99122807017544
SC,2017,June,22,117.22666666666666
HB,2017,June,23,146.16666666666669
BB,2017,June,23,121.03355704697987
Undefined,2017,June,23,265.25
SC,2017,June,23,121.55529411764707
HB,2017,June,24,154.42967741935482
BB,2017,June,24,122.83976562500001
SC,2017,June,24,133.25
BB,2017,June,25,118.85142857142857
HB,2017,June,25,123.74454545454536
Undefined,2017,June,25,161.0
SC,2017,June,25,119.0
BB,2017,June,26,125.69181818181819
HB,2017,June,26,130.92061224489794
SC,2017,June,26,102.518
Undefined,2017,June,26,123.325
BB,2017,June,27,122.16619047619048
HB,2017,June,27,139.08666666666667
SC,2017,June,27,108.92782608695653
BB,2017,June,28,113.06781420765026
HB,2017,June,28,119.59727272727274
SC,2017,June,28,117.40766666666667
FB,2017,June,29,154.51500000000001
HB,2017,June,29,170.59857142857143
BB,2017,June,29,134.901328125
SC,2017,June,29,114.84666666666665
HB,2017,June,30,162.91545454545457
BB,2017,June,30,133.81974193548388
SC,2017,June,30,110.33481481481482
HB,2017,March,1,61.35459459459458
BB,2017,March,1,73.47459770114945
SC,2017,March,1,71.842
HB,2017,March,2,146.66666666666666
BB,2017,March,2,75.41429999999998
SC,2017,March,2,76.5341935483871
FB,2017,March,2,0.0
BB,2017,March,3,95.30191919191918
HB,2017,March,3,122.33333333333333
SC,2017,March,3,73.18323529411764
HB,2017,March,4,153.92000000000002
BB,2017,March,4,90.19257142857144
SC,2017,March,4,72.60166666666667
SC,2017,March,5,71.2695
BB,2017,March,5,74.33060606060609
HB,2017,March,5,58.06709677419355
FB,2017,March,5,100.71
BB,2017,March,6,78.24395522388059
HB,2017,March,6,101.41285714285716
SC,2017,March,6,66.99
BB,2017,March,7,80.0112
HB,2017,March,7,78.108125
SC,2017,March,7,71.6675
SC,2017,March,8,71.55857142857143
HB,2017,March,8,107.412
BB,2017,March,8,79.72467532467533
BB,2017,March,9,77.09692913385827
Undefined,2017,March,9,59.3469387755102
SC,2017,March,9,77.41878787878788
HB,2017,March,9,94.4
BB,2017,March,10,87.80503144654088
HB,2017,March,10,153.12
SC,2017,March,10,79.672
FB,2017,March,10,0.0
HB,2017,March,11,66.3442857142857
BB,2017,March,11,84.53766666666665
SC,2017,March,11,73.18470588235294
BB,2017,March,12,78.49397435897437
HB,2017,March,12,54.99105263157892
SC,2017,March,12,77.6127777777778
HB,2017,March,13,113.426
BB,2017,March,13,86.21719576719576
SC,2017,March,13,76.5055
BB,2017,March,14,78.16440677966104
HB,2017,March,14,68.6008695652174
SC,2017,March,14,77.30583333333333
HB,2017,March,15,95.58875
BB,2017,March,15,81.21540404040402
SC,2017,March,15,69.53666666666666
Undefined,2017,March,16,57.857142857142854
HB,2017,March,16,103.99000000000001
BB,2017,March,16,80.4273880597015
SC,2017,March,16,78.27999999999999
BB,2017,March,17,97.21262711864404
HB,2017,March,17,125.25
SC,2017,March,17,77.42833333333334
HB,2017,March,18,102.48599999999999
BB,2017,March,18,89.76500000000001
FB,2017,March,18,93.13
SC,2017,March,18,77.31937500000001
HB,2017,March,19,90.8153846153846
BB,2017,March,19,76.5165811965812
SC,2017,March,19,80.74166666666666
BB,2017,March,20,85.79020833333334
HB,2017,March,20,98.46714285714286
SC,2017,March,20,76.79062499999999
BB,2017,March,21,81.69948148148148
HB,2017,March,21,114.826
SC,2017,March,21,70.44357142857143
BB,2017,March,22,92.2019178082192
SC,2017,March,22,76.02066666666666
HB,2017,March,22,142.15
Undefined,2017,March,23,58.416666666666664
HB,2017,March,23,160.0
BB,2017,March,23,93.10427272727274
SC,2017,March,23,79.01047619047618
BB,2017,March,24,90.12197530864198
HB,2017,March,24,63.60863636363637
SC,2017,March,24,80.22625
HB,2017,March,25,122.345
BB,2017,March,25,82.02275000000003
SC,2017,March,25,82.51714285714287
BB,2017,March,26,81.82970588235295
HB,2017,March,26,114.00200000000001
SC,2017,March,26,81.7088888888889
HB,2017,March,27,90.97999999999999
BB,2017,March,27,82.34148148148148
SC,2017,March,27,77.13437499999999
HB,2017,March,28,90.13285714285715
BB,2017,March,28,77.93257142857144
SC,2017,March,28,77.51727272727273
BB,2017,March,29,76.75723577235772
HB,2017,March,29,92.53
SC,2017,March,29,81.36833333333335
SC,2017,March,30,78.92354838709677
HB,2017,March,30,98.12142857142855
BB,2017,March,30,82.59183999999999
Undefined,2017,March,30,103.75
BB,2017,March,31,95.15035714285712
HB,2017,March,31,117.935625
SC,2017,March,31,90.49413793103449
BB,2017,May,1,121.29829931972787
HB,2017,May,1,124.13611111111112
FB,2017,May,1,92.95
SC,2017,May,1,116.58384615384614
HB,2017,May,2,128.89555555555555
BB,2017,May,2,105.81174242424242
SC,2017,May,2,116.88939393939394
HB,2017,May,3,138.7296296296296
BB,2017,May,3,103.92110344827586
Undefined,2017,May,3,110.0
SC,2017,May,3,125.83181818181818
BB,2017,May,4,114.70179611650484
HB,2017,May,4,87.40742857142861
SC,2017,May,4,110.21761904761904
HB,2017,May,5,122.66750000000002
BB,2017,May,5,117.70720812182743
SC,2017,May,5,116.17325581395349
BB,2017,May,6,111.52693548387097
HB,2017,May,6,141.29000000000002
SC,2017,May,6,116.3012
SC,2017,May,7,109.0027777777778
FB,2017,May,7,118.8
Undefined,2017,May,7,0.0
HB,2017,May,7,118.55636363636364
BB,2017,May,7,110.47846153846152
BB,2017,May,8,113.60063291139241
HB,2017,May,8,89.14547619047619
SC,2017,May,8,110.64285714285714
HB,2017,May,9,90.86293103448276
BB,2017,May,9,111.46249999999999
SC,2017,May,9,120.89727272727272
BB,2017,May,10,125.05687943262414
SC,2017,May,10,108.282
HB,2017,May,10,208.435
HB,2017,May,11,150.98866666666666
BB,2017,May,11,123.36586206896554
SC,2017,May,11,126.61477272727274
HB,2017,May,12,163.055
BB,2017,May,12,133.62049019607844
SC,2017,May,12,135.21641025641026
BB,2017,May,13,115.22202614379086
HB,2017,May,13,129.42153846153843
SC,2017,May,13,142.37882352941176
HB,2017,May,14,106.91400000000002
BB,2017,May,14,112.40237037037036
SC,2017,May,14,112.58399999999999
HB,2017,May,15,130.08193548387098
BB,2017,May,15,134.43887681159416
SC,2017,May,15,100.58846153846154
HB,2017,May,16,114.16916666666667
BB,2017,May,16,110.3107476635514
SC,2017,May,16,123.59894736842107
FB,2017,May,17,173.5
BB,2017,May,17,115.5570634920635
HB,2017,May,17,159.46875
SC,2017,May,17,125.91571428571429
HB,2017,May,18,118.73608695652175
BB,2017,May,18,132.86330708661416
SC,2017,May,18,123.375
BB,2017,May,19,137.89734982332152
HB,2017,May,19,173.25
SC,2017,May,19,137.1148
HB,2017,May,20,160.70083333333335
BB,2017,May,20,126.66951456310684
SC,2017,May,20,120.86642857142856
BB,2017,May,21,123.30338983050846
HB,2017,May,21,137.4588888888889
SC,2017,May,21,136.0375
HB,2017,May,22,138.78625000000002
BB,2017,May,22,124.41577181208052
SC,2017,May,22,146.22
HB,2017,May,23,167.6614285714286
BB,2017,May,23,109.49632000000001
SC,2017,May,23,104.93107142857141
BB,2017,May,24,112.99029069767445
HB,2017,May,24,114.4394230769231
SC,2017,May,24,111.45976190476188
BB,2017,May,25,108.44016260162606
HB,2017,May,25,95.5853125
SC,2017,May,25,117.56448275862067
HB,2017,May,26,137.87454545454545
BB,2017,May,26,134.19561904761906
SC,2017,May,26,129.33861538461537
FB,2017,May,27,122.5
Undefined,2017,May,27,121.5
HB,2017,May,27,171.11999999999998
BB,2017,May,27,125.30700000000003
SC,2017,May,27,117.47272727272728
BB,2017,May,28,110.31166666666667
HB,2017,May,28,133.3
SC,2017,May,28,119.02812499999999
BB,2017,May,29,111.6861386138614
HB,2017,May,29,129.13500000000002
Undefined,2017,May,29,78.95
SC,2017,May,29,113.91642857142858
FB,2017,May,29,128.7
BB,2017,May,30,117.89432692307695
SC,2017,May,30,127.3938095238095
HB,2017,May,30,165.36666666666667
BB,2017,May,31,108.21307692307694
HB,2017,May,31,139.19333333333333
SC,2017,May,31,128.0288888888889
